Date,Open,High,Low,Close,Volume,Turnover
2017-01-02,8210.1,8212.0,8133.8,8179.5,122016111,52554900000.0
2017-01-03,8196.05,8219.1,8148.6,8192.25,131186021,60536700000.0
2017-01-04,8202.65,8218.5,8180.9,8190.5,136476345,65431300000.0
2017-01-05,8226.65,8282.65,8223.7,8273.8,163957452,81806800000.0
2017-01-06,8281.85,8306.85,8233.25,8243.8,143689850,72987400000.0
2017-01-09,8259.35,8263.0,8227.75,8236.05,102211190,51976200000.0
2017-01-10,8262.7,8293.8,8261.0,8288.6,147312927,69045700000.0
2017-01-11,8327.8,8389.0,8322.25,8380.65,192285417,89386800000.0
2017-01-12,8391.05,8417.2,8382.3,8407.2,177948383,73592400000.0
2017-01-13,8457.65,8461.05,8373.15,8400.35,190949616,91561600000.0
2017-01-16,8390.95,8426.7,8374.4,8412.8,127938836,60436700000.0
2017-01-17,8415.05,8440.9,8378.3,8398.0,125781216,63892100000.0
2017-01-18,8403.85,8460.3,8397.4,8417.0,168867039,74112300000.0
2017-01-19,8418.4,8445.15,8404.05,8435.1,170956149,73241400000.0
2017-01-20,8404.35,8423.65,8340.95,8349.35,208901233,90145100000.0
2017-01-23,8329.6,8404.15,8327.2,8391.5,200993100,86649400000.0
2017-01-24,8407.05,8480.95,8398.15,8475.8,184745781,85241700000.0
2017-01-25,8499.45,8612.6,8493.95,8602.75,301490150,139018900000.0
2017-01-27,8610.5,8672.7,8606.9,8641.25,283905821,115689200000.0
2017-01-30,8635.55,8662.6,8617.75,8632.75,314110760,93334900000.0
2017-01-31,8629.45,8631.75,8552.4,8561.3,537110119,147211700000.0
2017-02-01,8570.35,8722.4,8537.5,8716.4,337797412,134940500000.0
2017-02-02,8724.75,8757.6,8685.8,8734.25,292329202,115550200000.0
2017-02-03,8735.15,8748.25,8707.75,8740.95,196936238,81934500000.0
2017-02-06,8785.45,8814.1,8770.2,8801.05,200403782,87015100000.0
2017-02-07,8805.7,8809.3,8741.05,8768.3,233294532,90606299999.99998
2017-02-08,8774.55,8791.25,8715.0,8769.05,225485726,91102400000.0
2017-02-09,8795.55,8821.4,8724.1,8778.4,193282248,89726700000.0
2017-02-10,8812.35,8822.1,8771.2,8793.55,232947341,103201700000.0
2017-02-13,8819.8,8826.9,8754.2,8805.05,211180353,86594800000.0
2017-02-14,8819.9,8820.45,8772.5,8792.3,194133563,84944400000.0
2017-02-15,8778.95,8807.9,8712.85,8724.7,222828919,104723700000.00002
2017-02-16,8739.0,8783.95,8719.6,8778.0,190277738,96956299999.99998
2017-02-17,8883.7,8896.45,8804.25,8821.7,307526025,234325800000.00003
2017-02-20,8818.55,8886.25,8809.8,8879.2,173022362,78335300000.0
2017-02-21,8890.75,8920.8,8860.95,8907.85,181091326,88637099999.99998
2017-02-22,8931.6,8960.75,8905.25,8926.9,254677956,135140800000.0
2017-02-23,8956.4,8982.15,8927.55,8939.5,388874096,172430800000.00003
2017-02-27,8943.7,8951.8,8888.65,8896.7,195847099,103888300000.0
2017-02-28,8898.95,8914.75,8867.6,8879.6,302722890,138195700000.0
2017-03-01,8904.4,8960.8,8898.6,8945.8,212328974,96819900000.0
2017-03-02,8982.85,8992.5,8879.8,8899.75,225608140,100751900000.0
2017-03-03,8883.5,8907.1,8860.1,8897.55,208915878,97835700000.0
2017-03-06,8915.1,8967.8,8914.0,8963.45,180194586,89550600000.0
2017-03-07,8977.75,8977.85,8932.8,8946.9,178827506,81492800000.0
2017-03-08,8950.7,8957.05,8891.95,8924.3,183325544,94893600000.0
2017-03-09,8914.5,8945.8,8899.5,8927.0,176810453,84932099999.99998
2017-03-10,8953.7,8975.7,8903.95,8934.55,157419999,73852800000.0
2017-03-14,9091.65,9122.75,9060.5,9087.0,278726933,140875700000.0
2017-03-15,9086.85,9106.55,9075.5,9084.8,248033251,96715100000.0
2017-03-16,9129.65,9158.45,9128.55,9153.7,215096446,92750500000.0
2017-03-17,9207.8,9218.4,9147.6,9160.05,295554265,132262900000.00002
2017-03-20,9166.95,9167.6,9116.3,9126.85,342395900,92511600000.0
2017-03-21,9133.95,9147.75,9087.2,9121.5,255396073,101916000000.0
2017-03-22,9047.2,9072.9,9019.3,9030.45,239463699,100659200000.0
2017-03-23,9048.75,9099.05,9048.6,9086.3,197705274,86993600000.0
2017-03-24,9104.0,9133.55,9089.4,9108.0,210021581,88530300000.0
2017-03-27,9093.45,9094.85,9024.65,9045.2,209036051,89215700000.0
2017-03-28,9081.5,9110.4,9079.8,9100.8,188985603,81392800000.0
2017-03-29,9128.7,9153.15,9109.1,9143.8,250902906,110894300000.0
2017-03-30,9142.6,9183.15,9136.35,9173.75,333410368,155854200000.0
2017-03-31,9158.9,9191.7,9152.1,9173.75,196771674,109550500000.0
2017-04-03,9220.6,9245.35,9192.4,9237.85,143444541,83370600000.0
2017-04-05,9264.4,9273.9,9215.4,9265.15,190529461,114619599999.99998
2017-04-06,9245.8,9267.95,9218.85,9261.95,191937207,103326000000.0
2017-04-07,9223.7,9250.5,9188.1,9198.3,195918747,102171299999.99998
2017-04-10,9225.6,9225.65,9174.85,9181.45,139968750,81400800000.0
2017-04-11,9184.55,9242.7,9172.85,9237.0,206261727,93852000000.0
2017-04-12,9242.5,9246.4,9161.8,9203.45,166755013,84129700000.0
2017-04-13,9202.5,9202.65,9144.95,9150.8,171695600,89081700000.0
2017-04-17,9144.75,9160.0,9120.25,9139.3,132244225,64732700000.00001
2017-04-18,9163.0,9217.9,9095.45,9105.15,179569574,85275000000.0
2017-04-19,9112.2,9120.5,9075.15,9103.5,179117382,89502700000.0
2017-04-20,9108.1,9143.9,9102.65,9136.4,175629897,88435000000.0
2017-04-21,9179.1,9183.65,9088.75,9119.4,159981265,84766299999.99998
2017-04-24,9135.35,9225.4,9130.55,9217.95,172908048,97207500000.0
2017-04-25,9273.05,9309.2,9250.35,9306.6,173896951,104260200000.0
2017-04-26,9336.2,9367.0,9301.35,9351.85,191395120,104833200000.0
2017-04-27,9359.15,9367.15,9322.65,9342.15,215881711,129103799999.99998
2017-04-28,9340.95,9342.65,9282.25,9304.05,167229353,86733200000.0
2017-05-02,9339.85,9352.55,9269.9,9313.8,166558241,91105900000.0
2017-05-03,9344.7,9346.3,9298.4,9311.95,156342492,79751400000.0
2017-05-04,9360.95,9365.65,9323.25,9359.9,277895923,123797400000.0
2017-05-05,9374.55,9377.1,9272.0,9285.3,239133531,104666800000.0
2017-05-08,9311.45,9338.7,9297.95,9314.05,179709949,83002200000.0
2017-05-09,9337.35,9338.95,9307.7,9316.85,136417428,75046600000.0
2017-05-10,9339.65,9414.75,9336.0,9407.3,157363135,86190600000.0
2017-05-11,9448.6,9450.65,9411.3,9422.4,176439840,92898900000.0
2017-05-12,9436.65,9437.75,9372.55,9400.9,159079418,98134700000.0
2017-05-15,9433.55,9449.25,9423.1,9445.4,145163953,77909700000.0
2017-05-16,9461.0,9517.2,9456.35,9512.25,171709433,92098900000.0
2017-05-17,9517.6,9532.6,9486.1,9525.75,211856040,107262300000.0
2017-05-18,9453.2,9489.1,9418.1,9429.45,199340647,107824599999.99998
2017-05-19,9469.9,9505.75,9390.75,9427.9,259861396,115447700000.0
2017-05-22,9480.25,9498.65,9427.9,9438.25,202874757,94329700000.0
2017-05-23,9445.05,9448.05,9370.0,9386.15,231345629,115532700000.0
2017-05-24,9410.9,9431.9,9341.65,9360.55,218265181,110459500000.0
2017-05-25,9384.05,9523.3,9379.2,9509.75,298147347,169642599999.99997
2017-05-26,9507.75,9604.9,9495.4,9595.1,225647631,112043600000.0
2017-05-29,9560.05,9637.75,9547.7,9604.9,242266034,124846100000.0
2017-05-30,9590.65,9635.3,9581.2,9624.55,199894193,97654000000.0
2017-05-31,9636.55,9649.6,9609.25,9621.25,427053433,196059400000.0
2017-06-01,9603.55,9634.65,9589.9,9616.1,181533283,94826100000.0
2017-06-02,9657.15,9673.5,9637.45,9653.5,167195027,85643000000.0
2017-06-05,9656.3,9687.2,9640.7,9675.1,131685021,71922400000.0
2017-06-06,9704.25,9709.3,9630.2,9637.15,150379695,84165500000.0
2017-06-07,9663.95,9678.55,9630.55,9663.9,165669924,89893600000.0
2017-06-08,9682.4,9688.7,9641.5,9647.25,160165459,88226299999.99998
2017-06-09,9638.55,9676.25,9608.15,9668.25,163897548,90787099999.99998
2017-06-12,9646.7,9647.05,9598.5,9616.4,145786938,76868900000.0
2017-06-13,9615.55,9654.15,9595.4,9606.9,133734363,70568300000.0
2017-06-14,9621.55,9627.4,9580.45,9618.15,187378750,105406800000.0
2017-06-15,9617.9,9621.4,9560.8,9578.05,176423424,98680800000.0
2017-06-16,9595.45,9615.85,9565.5,9588.05,219808528,119206200000.00002
2017-06-19,9626.4,9673.3,9614.9,9657.55,146146062,81443600000.0
2017-06-20,9670.5,9676.5,9643.75,9653.5,164437226,84766700000.0
2017-06-21,9648.1,9650.45,9608.6,9633.6,148490556,80234000000.0
2017-06-22,9642.65,9698.85,9617.75,9630.0,204888654,107384500000.0
2017-06-23,9643.25,9647.65,9565.3,9574.95,180580579,90927400000.0
2017-06-27,9594.05,9615.4,9473.45,9511.4,209593904,110845100000.0
2017-06-28,9520.2,9522.5,9474.35,9491.25,177652206,91037300000.0
2017-06-29,9522.95,9575.8,9493.8,9504.1,267283587,133958500000.0
2017-06-30,9478.5,9535.8,9448.75,9520.9,185202600,87835900000.0
2017-07-03,9587.95,9624.0,9543.55,9615.0,188690599,87207600000.0
2017-07-04,9645.9,9650.65,9595.5,9613.3,149313755,77746900000.0
2017-07-05,9619.75,9643.65,9607.35,9637.6,134849476,73111000000.0
2017-07-06,9653.6,9700.7,9639.95,9674.55,152001940,75392100000.0
2017-07-07,9670.35,9684.25,9642.65,9665.8,146232151,85145300000.0
2017-07-10,9719.3,9782.15,9646.45,9771.05,40142973,19207800000.0
2017-07-11,9797.45,9830.05,9778.85,9786.05,185322358,99084100000.0
2017-07-12,9807.3,9824.95,9787.7,9816.1,150045594,79664400000.0
2017-07-13,9855.8,9897.25,9853.45,9891.7,186866752,102445600000.0
2017-07-14,9913.3,9913.3,9845.45,9886.35,164456602,91877099999.99998
2017-07-17,9908.15,9928.2,9894.7,9915.95,168596771,83104800000.0
2017-07-18,9832.7,9885.35,9792.05,9827.15,303007860,131842200000.0
2017-07-19,9855.95,9905.05,9851.65,9899.6,206376192,109356000000.0
2017-07-20,9920.2,9922.55,9863.45,9873.3,166083004,89425600000.0
2017-07-21,9899.6,9924.7,9838.0,9915.25,193286125,118602800000.0
2017-07-24,9936.8,9982.05,9919.6,9966.4,179905535,108372000000.0
2017-07-25,10010.55,10011.3,9949.1,9964.55,191206247,104913200000.0
2017-07-26,9983.65,10025.95,9965.95,10020.65,203697844,114033000000.0
2017-07-27,10063.25,10114.85,10005.5,10020.55,296782048,186019900000.00003
2017-07-28,9996.55,10026.05,9944.5,10014.5,197491415,119968000000.0
2017-07-31,10034.7,10085.9,10016.95,10077.1,245096535,131318900000.0
2017-08-01,10101.05,10128.6,10065.75,10114.65,190000516,115152900000.00002
2017-08-02,10136.3,10137.85,10054.2,10081.5,166463276,91659200000.0
2017-08-03,10081.15,10081.15,9998.25,10013.65,198665837,107141000000.0
2017-08-04,10008.6,10075.25,9988.35,10066.4,184082134,103978799999.99998
2017-08-07,10074.8,10088.1,10046.35,10057.4,141566282,78279500000.0
2017-08-08,10068.35,10083.8,9947.0,9978.55,209645343,107804100000.0
2017-08-09,9961.15,9969.8,9893.05,9908.05,174395293,88317200000.0
2017-08-10,9872.85,9892.65,9776.2,9820.25,242820594,120401299999.99998
2017-08-11,9712.15,9771.65,9685.55,9710.8,294732998,134355600000.0
2017-08-14,9755.75,9818.3,9752.1,9794.15,201613585,94868200000.0
2017-08-16,9825.85,9903.95,9773.85,9897.3,226269013,108153799999.99998
2017-08-17,9945.55,9947.8,9883.75,9904.15,203652311,99274700000.0
2017-08-18,9865.95,9865.95,9783.65,9837.4,253931517,156361600000.0
2017-08-21,9864.25,9884.35,9740.1,9754.35,211627775,117640000000.0
2017-08-22,9815.75,9828.45,9752.6,9765.55,189267122,98508900000.0
2017-08-23,9803.05,9857.9,9786.75,9852.5,173815509,99611299999.99998
2017-08-24,9881.2,9881.5,9848.85,9857.05,190398702,103926299999.99998
2017-08-28,9907.15,9925.75,9882.0,9912.8,164493772,99000600000.0
2017-08-29,9886.4,9887.35,9783.75,9796.05,178668444,84690900000.0
2017-08-30,9859.5,9909.45,9850.8,9884.4,162704136,80087200000.0
2017-08-31,9905.7,9925.1,9856.95,9917.9,337782004,146194300000.0
2017-09-01,9937.65,9983.45,9909.85,9974.4,162730656,93148200000.0
2017-09-04,9984.15,9988.4,9861.0,9912.85,153369495,80696400000.0
2017-09-05,9933.25,9963.1,9901.05,9952.2,143522342,75666200000.0
2017-09-06,9899.25,9931.55,9882.55,9916.2,153767846,89269800000.0
2017-09-07,9945.85,9964.85,9917.2,9929.9,194626599,94554800000.0
2017-09-08,9958.65,9963.6,9913.3,9934.8,168698771,87924900000.0
2017-09-11,9971.75,10028.65,9968.8,10006.05,178409875,95459400000.0
2017-09-12,10056.85,10097.55,10028.05,10093.05,188248293,98942000000.0
2017-09-13,10099.25,10131.95,10063.15,10079.3,221608053,106824100000.0
2017-09-14,10107.4,10126.5,10070.35,10086.6,232637517,110474599999.99998
2017-09-15,10062.35,10115.15,10043.65,10085.4,274799134,136509000000.0
2017-09-18,10133.1,10171.7,10131.3,10153.1,160852680,81066600000.0
2017-09-19,10175.6,10178.95,10129.95,10147.55,193345992,87962099999.99998
2017-09-20,10160.95,10171.05,10134.2,10141.15,205605243,101057099999.99998
2017-09-21,10139.6,10158.9,10058.6,10121.9,197710666,111142800000.0
2017-09-22,10094.35,10095.05,9952.8,9964.4,233621596,119418799999.99998
2017-09-25,9960.1,9960.5,9816.05,9872.6,228206970,112586800000.0
2017-09-26,9875.25,9891.35,9813.0,9871.5,196792799,97540200000.0
2017-09-27,9920.6,9921.05,9714.4,9735.75,206305991,101273900000.0
2017-09-28,9736.4,9789.2,9687.55,9768.95,396874518,189624000000.0
2017-09-29,9814.3,9854.0,9775.35,9788.6,202350211,110871100000.0
2017-10-03,9893.3,9895.4,9831.05,9859.5,167833406,96985500000.0
2017-10-04,9884.35,9938.3,9850.65,9914.9,160993982,87902900000.00002
2017-10-05,9927.0,9945.95,9881.85,9888.7,152362417,78235500000.0
2017-10-06,9908.15,9989.35,9906.6,9979.7,201858899,99861800000.0
2017-10-09,9988.2,10015.75,9959.45,9988.75,148395842,74251900000.0
2017-10-10,10013.7,10034.0,10002.3,10016.95,153246570,80555000000.0
2017-10-11,10042.6,10067.25,9955.8,9984.8,195593061,102279000000.0
2017-10-12,10011.2,10104.45,9977.1,10096.4,207106672,105798000000.0
2017-10-13,10123.7,10191.9,10120.1,10167.45,237230047,123798000000.0
2017-10-16,10207.4,10242.95,10175.1,10230.85,209327364,117746800000.0
2017-10-17,10227.65,10251.85,10212.6,10234.45,201782377,104228100000.0
2017-10-18,10209.4,10236.45,10175.75,10210.85,262111790,131778300000.0
2017-10-19,10210.35,10211.95,10123.35,10146.55,31086379,16851600000.0
2017-10-23,10176.65,10224.15,10124.5,10184.85,224799211,121443100000.0
2017-10-24,10218.55,10237.75,10182.4,10207.7,223914325,115397300000.0
2017-10-25,10321.15,10340.55,10240.9,10295.35,612620774,259225099999.99997
2017-10-26,10291.8,10355.65,10271.85,10343.8,443036008,231354600000.0
2017-10-27,10362.3,10366.15,10311.3,10323.05,322411410,151499000000.0
2017-10-30,10353.85,10384.5,10344.3,10363.65,244193178,125587000000.0
2017-10-31,10364.9,10367.7,10323.95,10335.3,239809700,128300600000.0
2017-11-01,10390.35,10451.65,10383.05,10440.5,268270466,142062100000.0
2017-11-02,10440.5,10453.0,10412.55,10423.8,207735021,107796299999.99998
2017-11-03,10461.55,10461.7,10403.6,10452.5,206101238,100708300000.0
2017-11-06,10431.75,10490.45,10413.75,10451.8,199559409,102317600000.0
2017-11-07,10477.15,10485.75,10340.8,10350.15,295830692,161824600000.0
2017-11-08,10361.95,10384.25,10285.5,10303.15,282950322,147893900000.0
2017-11-09,10358.65,10368.45,10266.95,10308.95,247606613,126972800000.0
2017-11-10,10304.35,10344.95,10254.1,10321.75,287962940,146826000000.0
2017-11-13,10322.0,10334.15,10216.25,10224.95,216799588,117833400000.0
2017-11-14,10223.4,10248.0,10175.55,10186.6,314413476,153989700000.0
2017-11-15,10171.95,10175.45,10094.0,10118.05,213836202,116091800000.0
2017-11-16,10152.9,10232.25,10139.2,10214.75,188180035,99955500000.0
2017-11-17,10324.55,10343.6,10268.05,10283.6,209592893,110233500000.0
2017-11-20,10287.2,10309.85,10261.5,10298.75,151751415,85026299999.99998
2017-11-21,10329.25,10358.7,10315.05,10326.9,191859084,104439900000.0
2017-11-22,10350.8,10368.7,10309.55,10342.3,162504058,91360400000.00002
2017-11-23,10358.45,10374.3,10307.3,10348.75,157651842,87894200000.0
2017-11-24,10366.8,10404.5,10362.25,10389.7,133177324,81976600000.0
2017-11-27,10361.05,10407.15,10340.2,10399.55,146276512,75517100000.0
2017-11-28,10387.9,10409.55,10355.2,10370.25,202050866,99792500000.0
2017-11-29,10376.65,10392.95,10345.9,10361.3,157192930,88528000000.0
2017-11-30,10332.7,10332.7,10211.25,10226.55,353105240,190055600000.0
2017-12-01,10263.7,10272.7,10108.55,10121.8,147765528,85185800000.0
2017-12-04,10175.05,10179.2,10095.7,10127.75,153240126,84586600000.0
2017-12-05,10118.25,10147.95,10069.1,10118.25,160253042,87490900000.0
2017-12-06,10088.8,10104.2,10033.35,10044.1,171208366,95988200000.0
2017-12-07,10063.45,10182.65,10061.9,10166.7,171339022,99102800000.0
2017-12-08,10198.45,10270.85,10195.25,10265.65,206234019,114681500000.0
2017-12-11,10310.5,10329.2,10282.05,10322.25,152034656,84537600000.0
2017-12-12,10324.9,10326.1,10230.2,10240.15,180546894,103802400000.0
2017-12-13,10236.6,10296.55,10169.85,10192.95,187191964,100704400000.0
2017-12-14,10229.3,10276.1,10141.55,10252.1,159103960,95492300000.0
2017-12-15,10345.65,10373.1,10319.65,10333.25,262974703,151067700000.0
2017-12-18,10263.1,10443.55,10074.8,10388.75,237506982,129216100000.0
2017-12-19,10414.8,10472.2,10406.0,10463.2,174340665,109829500000.0
2017-12-20,10494.4,10494.45,10437.15,10444.2,180597460,113030000000.0
2017-12-21,10473.95,10473.95,10426.9,10440.3,156646972,94112000000.0
2017-12-22,10457.3,10501.1,10448.25,10493.0,143119167,87553200000.0
2017-12-26,10512.3,10545.45,10477.95,10531.5,160417384,90437700000.0
2017-12-27,10531.05,10552.4,10469.25,10490.75,170307122,90776000000.0
2017-12-28,10498.2,10534.55,10460.45,10477.9,281309989,145515800000.0
2017-12-29,10492.35,10538.7,10488.65,10530.7,156736221,89431000000.0
2018-01-01,10531.7,10537.85,10423.1,10435.55,134532090,75465600000.0
2018-01-02,10477.55,10495.2,10404.65,10442.2,158092430,86654700000.0
2018-01-03,10482.65,10503.6,10429.55,10443.2,172516859,95416000000.0
2018-01-04,10469.4,10513.0,10441.45,10504.8,180257392,95619500000.0
2018-01-05,10534.25,10566.1,10520.1,10558.85,186469717,103062200000.0
2018-01-08,10591.7,10631.2,10588.55,10623.6,174181231,99072700000.0
2018-01-09,10645.1,10659.15,10603.6,10637.0,211291563,107333700000.00002
2018-01-10,10652.05,10655.5,10592.7,10632.2,181900014,97206500000.0
2018-01-11,10637.05,10664.6,10612.35,10651.2,158630055,96350100000.0
2018-01-12,10682.55,10690.4,10597.1,10681.25,180592153,110051200000.00002
2018-01-15,10718.5,10782.65,10713.8,10741.55,181262074,113331100000.0
2018-01-16,10761.5,10762.35,10687.85,10700.45,217468081,127094400000.0
2018-01-17,10702.45,10803.0,10666.75,10788.55,260488465,143342600000.0
2018-01-18,10873.4,10887.5,10782.4,10817.0,321609375,179303000000.0
2018-01-19,10829.2,10906.85,10793.9,10894.7,214011963,117922600000.0
2018-01-22,10883.2,10975.1,10881.4,10966.2,238815813,144690600000.0
2018-01-23,10997.4,11092.9,10994.55,11083.7,293445774,164239100000.0
2018-01-24,11069.35,11110.1,11046.15,11086.0,292197072,169151400000.0
2018-01-25,11095.6,11095.6,11009.2,11069.65,340469462,199395400000.0
2018-01-29,11079.35,11171.55,11075.95,11130.4,249220726,161183600000.0
2018-01-30,11120.85,11121.1,11033.9,11049.65,234969503,132321900000.0
2018-01-31,11018.8,11058.5,10979.3,11027.7,253462573,144596900000.0
2018-02-01,11044.55,11117.35,10878.8,11016.9,315743486,177194000000.0
2018-02-02,10938.2,10954.95,10736.1,10760.6,291431992,165425099999.99997
2018-02-05,10604.3,10702.75,10586.8,10666.55,247479157,139806300000.0
2018-02-06,10295.15,10594.15,10276.3,10498.25,274656443,156063400000.0
2018-02-07,10607.2,10614.0,10446.4,10476.7,258095424,139716600000.0
2018-02-08,10518.5,10637.8,10479.55,10576.85,239407938,125692300000.0
2018-02-09,10416.5,10480.2,10398.2,10454.95,197502912,106021500000.0
2018-02-12,10518.2,10555.5,10485.4,10539.75,224114801,111337800000.0
2018-02-14,10585.75,10590.55,10456.65,10500.9,236329440,121889400000.0
2018-02-15,10537.9,10618.1,10511.05,10545.5,217090245,110353799999.99998
2018-02-16,10596.2,10612.9,10434.05,10452.3,190043189,100267099999.99998
2018-02-19,10488.9,10489.35,10302.75,10378.4,193087737,98713600000.0
2018-02-20,10391.0,10429.35,10347.65,10360.4,193464871,96199500000.0
2018-02-21,10426.0,10426.1,10349.6,10397.45,241331542,129963600000.0
2018-02-22,10354.35,10397.55,10340.65,10382.7,323259078,177114600000.0
2018-02-23,10408.1,10499.1,10396.65,10491.05,217134363,127043200000.0
2018-02-26,10526.55,10592.95,10520.2,10582.6,177238616,102748900000.0
2018-02-27,10615.2,10631.65,10537.25,10554.3,193250158,102764200000.0
2018-02-28,10488.95,10535.5,10461.55,10492.85,294794221,162991100000.0
2018-03-01,10479.95,10525.5,10447.15,10458.35,181378504,101794800000.0
2018-03-05,10428.3,10428.7,10323.9,10358.85,199975720,106739200000.0
2018-03-06,10420.5,10441.35,10215.9,10249.25,229782297,121439500000.0
2018-03-07,10232.95,10243.35,10141.55,10154.2,257200599,121288799999.99998
2018-03-08,10216.25,10270.35,10146.4,10242.65,233377712,114795100000.0
2018-03-09,10271.3,10296.7,10211.9,10226.85,192333334,98748100000.0
2018-03-12,10301.6,10433.65,10295.45,10421.4,223135459,109689500000.0
2018-03-13,10389.5,10478.6,10377.85,10426.85,274852794,239652500000.0
2018-03-14,10393.05,10420.35,10336.3,10410.9,186991169,95646800000.0
2018-03-15,10405.45,10420.0,10346.2,10360.15,179308593,85880100000.0
2018-03-16,10345.15,10346.3,10180.25,10195.15,338702439,188119700000.0
2018-03-19,10215.35,10224.55,10075.3,10094.25,216670033,111114300000.0
2018-03-20,10051.55,10155.65,10049.1,10124.35,209327593,109471200000.00002
2018-03-21,10181.95,10227.3,10132.95,10155.25,211060429,112697300000.0
2018-03-22,10167.5,10207.85,10105.4,10114.75,237632983,115588799999.99998
2018-03-23,9968.8,10027.7,9951.9,9998.05,294515154,144351700000.0
2018-03-26,9989.15,10143.5,9958.55,10130.65,270665332,126954700000.0
2018-03-27,10188.0,10207.9,10139.65,10184.15,232713976,111757900000.00002
2018-03-28,10143.6,10158.35,10096.9,10113.7,354977198,188074800000.0
2018-04-02,10151.65,10220.1,10127.75,10211.8,223135459,109689500000.0
2018-04-03,10186.85,10255.35,10171.05,10245.0,211652029,101671200000.00002
2018-04-04,10274.6,10279.85,10111.3,10128.4,238182921,118617900000.00002
2018-04-05,10228.45,10331.8,10227.45,10325.15,244116235,116749200000.0
2018-04-06,10322.75,10350.45,10290.85,10331.6,206355691,101317400000.0
2018-04-09,10333.7,10397.7,10328.5,10379.35,228512954,107141299999.99998
2018-04-10,10412.9,10424.85,10381.5,10402.25,259523888,119051200000.00002
2018-04-11,10428.15,10428.15,10355.6,10417.15,258077363,117905800000.0
2018-04-12,10410.65,10469.9,10395.25,10458.65,246027888,122496600000.0
2018-04-13,10495.3,10519.9,10451.45,10480.6,219724716,123545500000.0
2018-04-16,10398.3,10540.15,10396.35,10528.35,200950876,112420500000.0
2018-04-17,10557.3,10560.45,10495.65,10548.7,212449535,105017099999.99998
2018-04-18,10578.9,10594.2,10509.7,10526.2,211823044,98886500000.0
2018-04-19,10563.65,10572.2,10546.2,10565.3,270740891,125591100000.0
2018-04-20,10560.35,10582.35,10527.45,10564.05,252227268,153726600000.0
2018-04-23,10592.8,10638.35,10514.95,10584.7,200203196,136426700000.0
2018-04-24,10578.1,10636.8,10569.0,10614.35,225972673,122815300000.0
2018-04-25,10612.4,10612.6,10536.45,10570.55,195129613,111251100000.0
2018-04-26,10586.5,10628.4,10559.65,10617.8,345536167,192004100000.0
2018-04-27,10651.65,10719.8,10647.55,10692.3,306671172,168868900000.0
2018-04-30,10705.75,10759.0,10704.6,10739.35,179163468,104125700000.0
2018-05-02,10783.85,10784.65,10689.8,10718.05,236757172,148205800000.0
2018-05-03,10720.15,10720.6,10647.45,10679.65,190869804,110182099999.99998
2018-05-04,10700.45,10700.45,10601.6,10618.25,192296041,97215600000.0
2018-05-07,10653.15,10725.65,10635.65,10715.5,173620240,92394400000.0
2018-05-08,10757.9,10758.55,10689.4,10717.8,278118616,127834900000.0
2018-05-09,10693.35,10766.25,10689.85,10741.7,222115640,103909200000.0
2018-05-10,10779.65,10785.55,10705.0,10716.55,197988475,105263799999.99998
2018-05-11,10741.95,10812.05,10724.45,10806.5,209392114,104324300000.0
2018-05-14,10815.15,10834.85,10774.75,10806.6,176697512,90754400000.0
2018-05-15,10812.6,10929.2,10781.4,10801.85,262202312,135827000000.0
2018-05-16,10751.95,10790.45,10699.7,10741.1,238221884,113594800000.0
2018-05-17,10775.6,10777.25,10664.5,10682.7,220738923,125063000000.0
2018-05-18,10671.85,10674.95,10589.1,10596.4,229908939,139084700000.0
2018-05-21,10616.7,10621.7,10505.8,10516.7,197294184,113461299999.99998
2018-05-22,10518.45,10558.6,10490.55,10536.7,249236637,120173600000.0
2018-05-23,10521.1,10533.55,10417.8,10430.35,299919120,134566000000.0
2018-05-24,10464.85,10535.15,10419.8,10513.85,306792497,129141600000.0
2018-05-25,10533.05,10628.05,10524.0,10605.15,268914888,124311600000.0
2018-05-28,10648.35,10709.8,10640.55,10688.65,239786001,117643500000.0
2018-05-29,10689.4,10717.25,10616.1,10633.3,232761575,118173900000.0
2018-05-30,10579.0,10648.7,10558.45,10614.35,246124259,122247600000.0
2018-05-31,10670.1,10763.8,10620.4,10736.15,629198569,294797700000.0
2018-06-01,10738.45,10764.75,10681.5,10696.2,227355567,129650100000.0
2018-06-04,10765.95,10770.3,10618.35,10628.5,210148313,141204900000.0
2018-06-05,10630.7,10633.15,10550.9,10593.15,172898027,100275400000.00002
2018-06-06,10603.45,10698.35,10587.5,10684.65,195761429,99207500000.0
2018-06-07,10722.6,10818.0,10722.6,10768.35,227663151,113152400000.0
2018-06-08,10736.4,10779.45,10709.05,10767.65,215942528,123608799999.99998
2018-06-11,10781.85,10850.55,10777.05,10786.95,217849903,113849700000.0
2018-06-12,10816.15,10856.55,10789.4,10842.85,204419184,119890700000.0
2018-06-13,10887.5,10893.25,10842.65,10856.7,220003032,129828000000.0
2018-06-14,10832.9,10833.7,10773.55,10808.05,190031664,116597900000.00002
2018-06-15,10808.65,10834.0,10755.4,10817.7,314764425,192714300000.0
2018-06-18,10830.2,10830.2,10787.35,10799.85,202727202,111824800000.0
2018-06-19,10789.45,10789.45,10701.2,10710.45,231382790,122901600000.0
2018-06-20,10734.65,10781.8,10724.05,10772.05,199467082,108583500000.0
2018-06-21,10808.45,10809.6,10725.9,10741.1,230507383,122111800000.0
2018-06-22,10742.7,10837.0,10710.45,10821.85,236898415,135200100000.0
2018-06-25,10822.9,10831.05,10753.05,10762.45,236693278,120124100000.0
2018-06-26,10742.7,10805.25,10732.55,10769.15,226846382,121135300000.0
2018-06-27,10785.5,10785.5,10652.4,10671.4,253620792,138370300000.0
2018-06-28,10660.8,10674.2,10557.7,10589.1,363157327,201879800000.0
2018-06-29,10612.85,10723.05,10612.35,10714.3,250327878,144401700000.0
2018-07-02,10732.35,10736.15,10604.65,10657.3,304536687,135913000000.0
2018-07-03,10668.6,10713.3,10630.25,10699.9,208371545,108968900000.0
2018-07-04,10715.0,10777.15,10677.75,10769.9,179268271,103886900000.0
2018-07-05,10786.05,10786.05,10726.25,10749.75,227267176,136765800000.0
2018-07-06,10744.15,10816.35,10735.05,10772.65,256547706,140064800000.0
2018-07-09,10838.3,10860.35,10807.15,10852.9,189331016,108439200000.0
2018-07-10,10902.75,10956.9,10876.65,10947.25,203061980,128348500000.0
2018-07-11,10956.4,10976.65,10923.0,10948.3,229211999,159444500000.0
2018-07-12,11006.95,11078.3,10999.65,11023.2,256034815,157872800000.0
2018-07-13,11056.9,11071.35,10999.75,11018.9,241670818,147445600000.0
2018-07-16,11018.95,11019.5,10926.25,10936.85,216971413,137095700000.0
2018-07-17,10939.65,11018.5,10925.6,11008.05,217107580,126494000000.0
2018-07-18,11060.2,11076.2,10956.3,10980.45,232502459,133202000000.0
2018-07-19,10999.5,11006.5,10935.45,10957.1,222056399,121999800000.0
2018-07-20,10963.5,11030.25,10946.2,11010.2,193144113,141059400000.0
2018-07-23,11019.85,11093.4,11010.95,11084.75,236153085,149325100000.0
2018-07-24,11109.0,11143.4,11092.5,11134.3,212247395,139311500000.0
2018-07-25,11148.4,11157.15,11113.25,11132.0,212333169,125288000000.0
2018-07-26,11132.95,11185.85,11125.7,11167.3,376657398,215953300000.00003
2018-07-27,11232.75,11283.4,11210.25,11278.35,324343457,152030900000.0
2018-07-30,11296.65,11328.1,11261.45,11319.55,287435926,147166600000.0
2018-07-31,11311.05,11366.0,11267.75,11356.5,264430889,152974000000.0
2018-08-01,11359.8,11390.55,11313.55,11346.2,278012697,144361200000.0
2018-08-02,11328.9,11328.9,11234.95,11244.7,216533127,122676600000.0
2018-08-03,11297.8,11368.0,11294.55,11360.8,225146360,129846600000.0
2018-08-06,11401.5,11427.65,11370.6,11387.1,210002582,113215500000.0
2018-08-07,11423.15,11428.95,11359.7,11389.45,233409612,124577099999.99998
2018-08-08,11412.5,11459.95,11379.3,11450.0,217047641,124226200000.00002
2018-08-09,11493.25,11495.2,11454.1,11470.7,311521403,158427600000.0
2018-08-10,11474.95,11478.75,11419.65,11429.5,336424182,157382600000.0
2018-08-13,11369.6,11406.3,11340.3,11355.75,254466760,128992200000.0
2018-08-14,11381.7,11452.45,11370.8,11435.1,239841680,139353500000.0
2018-08-16,11397.15,11449.85,11366.25,11385.05,299610298,170816200000.0
2018-08-17,11437.15,11486.45,11431.8,11470.75,241985503,132753100000.0
2018-08-20,11502.1,11565.3,11499.65,11551.75,239843358,141199300000.0
2018-08-21,11576.2,11581.75,11539.6,11570.9,231063669,135288300000.0
2018-08-23,11620.7,11620.7,11546.7,11582.75,256163842,161177700000.0
2018-08-24,11566.6,11604.6,11532.0,11557.1,225604574,130195500000.0
2018-08-27,11605.85,11700.95,11595.6,11691.95,205689327,117075000000.0
2018-08-28,11731.95,11760.2,11710.5,11738.5,249420312,139467000000.0
2018-08-29,11744.95,11753.2,11678.85,11691.9,259351550,143246500000.0
2018-08-30,11694.75,11698.8,11639.7,11676.8,323450305,182755400000.0
2018-08-31,11675.85,11727.65,11640.1,11680.5,357230312,207557300000.0
2018-09-03,11751.8,11751.8,11567.4,11582.35,241726864,161395800000.0
2018-09-04,11598.75,11602.55,11496.85,11520.3,262701030,162547800000.0
2018-09-05,11514.85,11542.65,11393.85,11476.95,253689858,150782300000.0
2018-09-06,11514.15,11562.25,11436.05,11536.9,255558129,151610000000.0
2018-09-07,11558.25,11603.0,11484.4,11589.1,305029077,164410200000.0
2018-09-10,11570.25,11573.0,11427.3,11438.1,295597988,165138900000.0
2018-09-11,11476.85,11479.4,11274.0,11287.5,318093125,187455400000.0
2018-09-12,11340.1,11380.75,11250.2,11369.9,276509748,155679000000.0
2018-09-14,11443.5,11523.25,11430.55,11515.2,285218296,164233600000.0
2018-09-17,11464.95,11464.95,11366.9,11377.75,207620518,112948400000.0
2018-09-18,11381.55,11411.45,11268.95,11278.9,248298794,138141100000.0
2018-09-19,11326.65,11332.05,11210.9,11234.35,258424384,151166900000.0
2018-09-21,11271.3,11346.8,10866.45,11143.1,741153209,351311900000.0
2018-09-24,11164.4,11170.15,10943.6,10967.4,398815949,230233400000.0
2018-09-25,10969.95,11080.6,10882.85,11067.45,417548830,228785700000.0
2018-09-26,11145.55,11145.55,10993.05,11053.8,351041146,178036800000.0
2018-09-27,11079.8,11089.45,10953.35,10977.55,418210067,225828600000.0
2018-09-28,11008.1,11034.1,10850.3,10930.45,492894147,232278600000.0
2018-10-01,10930.9,11035.65,10821.55,11008.3,398987274,203917200000.0
2018-10-03,10982.7,10989.05,10843.75,10858.25,398756507,212255900000.0
2018-10-04,10754.7,10754.7,10547.25,10599.25,438202008,237115700000.0
2018-10-05,10514.1,10540.65,10261.9,10316.45,625153832,252542100000.0
2018-10-08,10310.15,10398.35,10198.4,10348.05,470279031,221309400000.0
2018-10-09,10390.3,10397.6,10279.35,10301.05,443795275,182854100000.0
2018-10-10,10331.85,10482.35,10318.25,10460.1,373844130,195925900000.0
2018-10-11,10169.8,10335.95,10138.6,10234.65,498509417,219071300000.0
2018-10-12,10331.55,10492.45,10322.15,10472.5,354056762,186060400000.0
2018-10-15,10524.2,10526.3,10410.15,10512.5,267517728,143721500000.0
2018-10-16,10550.15,10604.9,10525.3,10584.75,273444095,154530300000.0
2018-10-17,10688.7,10710.15,10436.45,10453.05,293586908,171731400000.0
2018-10-19,10339.7,10380.1,10249.6,10303.55,368552204,205056600000.0
2018-10-22,10405.85,10408.55,10224.0,10245.25,306472776,172419400000.0
2018-10-23,10152.6,10222.1,10102.35,10146.8,312042090,181147100000.0
2018-10-24,10278.15,10290.65,10126.7,10224.75,362272428,194132400000.00003
2018-10-25,10135.05,10166.6,10079.3,10124.9,522421914,235037599999.99997
2018-10-26,10122.35,10128.85,10004.55,10030.0,375563273,161201400000.0
2018-10-29,10078.1,10275.3,10020.35,10250.85,375749433,175148500000.0
2018-10-30,10239.4,10285.1,10175.35,10198.4,298753965,147895100000.0
2018-10-31,10209.55,10396.0,10105.1,10386.6,386618948,215138500000.0
2018-11-01,10441.7,10441.9,10341.9,10380.45,359340403,181118800000.0
2018-11-02,10462.3,10606.95,10457.7,10553.0,434175607,217588000000.0
2018-11-05,10558.75,10558.8,10477.0,10524.0,311176379,147611700000.0
2018-11-06,10552.0,10600.25,10491.45,10530.0,309878810,140061900000.0
2018-11-07,10614.45,10616.45,10582.3,10598.4,32194181,15340800000.0
2018-11-09,10614.7,10619.55,10544.85,10585.2,305817331,152948300000.0
2018-11-12,10607.8,10645.5,10464.05,10482.2,267710127,134453300000.0
2018-11-13,10451.9,10596.25,10440.55,10582.5,262541595,130789800000.0
2018-11-14,10634.9,10651.6,10532.7,10576.3,396373781,193748900000.0
2018-11-15,10580.6,10646.5,10557.5,10616.7,306011926,149376700000.0
2018-11-16,10644.0,10695.15,10631.15,10682.2,353384918,167288800000.0
2018-11-19,10731.25,10774.7,10688.8,10763.4,280522364,135409000000.0
2018-11-20,10740.1,10740.85,10640.85,10656.2,304322623,130772400000.0
2018-11-21,10670.95,10671.3,10562.35,10600.05,310191008,153823200000.0
2018-11-22,10612.65,10646.25,10512.0,10526.75,246926671,122543600000.0
2018-11-26,10568.3,10637.8,10489.75,10628.6,332863041,159272500000.0
2018-11-27,10621.45,10695.15,10596.35,10685.6,382834178,172962800000.0
2018-11-28,10708.75,10757.8,10699.85,10728.85,437627174,177372800000.0
2018-11-29,10808.7,10883.05,10782.35,10858.7,712650890,262834300000.0
2018-11-30,10892.1,10922.45,10835.1,10876.75,467857329,199643300000.00003
2018-12-03,10930.7,10941.2,10845.35,10883.75,422358631,184849100000.0
2018-12-04,10877.1,10890.95,10833.35,10869.5,332137359,158571600000.0
2018-12-05,10820.45,10821.05,10747.95,10782.9,322019985,151762600000.0
2018-12-06,10718.15,10722.65,10588.25,10601.15,328275196,164888700000.0
2018-12-07,10644.8,10704.55,10599.35,10693.7,335849636,185978300000.00003
2018-12-10,10508.7,10558.85,10474.95,10488.45,393097292,165243600000.0
2018-12-11,10350.05,10567.15,10333.85,10549.15,438699334,201129100000.0
2018-12-12,10591.0,10752.2,10560.8,10737.6,371697496,174474500000.0
2018-12-13,10810.75,10838.6,10749.5,10791.55,387810061,175828000000.0
2018-12-14,10784.5,10815.75,10752.1,10805.45,350579275,144861000000.0
2018-12-17,10853.2,10900.35,10844.85,10888.35,306145514,125285900000.0
2018-12-18,10850.9,10915.4,10819.1,10908.7,294942271,135564500000.0
2018-12-19,10930.55,10985.15,10928.0,10967.3,321801803,171726400000.0
2018-12-20,10885.2,10962.55,10880.05,10951.7,328802751,149459400000.0
2018-12-21,10944.25,10963.65,10738.65,10754.0,389235107,186638500000.0
2018-12-24,10780.9,10782.3,10649.25,10663.5,230291344,106956000000.0
2018-12-26,10635.45,10747.5,10534.55,10729.85,271942701,128319900000.0
2018-12-27,10817.9,10834.2,10764.45,10779.8,470160392,191198800000.0
2018-12-28,10820.95,10893.6,10817.15,10859.9,253086507,126150100000.0
2018-12-31,10913.2,10923.55,10853.2,10862.55,186494657,101761299999.99998
2019-01-01,10881.7,10923.6,10807.1,10910.1,159404542,86882600000.0
2019-01-02,10868.85,10895.35,10735.05,10792.5,309665939,153522500000.0
2019-01-03,10796.8,10814.05,10661.25,10672.25,286241745,150304500000.0
2019-01-04,10699.7,10741.05,10628.65,10727.35,296596655,145167400000.0
2019-01-07,10804.85,10835.95,10750.15,10771.8,269371080,127312900000.00002
2019-01-08,10786.25,10818.45,10733.25,10802.15,277697672,134334800000.0
2019-01-09,10862.4,10870.4,10749.4,10855.15,333010535,162133000000.0
2019-01-10,10859.35,10859.35,10801.8,10821.6,254365477,120312600000.0
2019-01-11,10834.75,10850.15,10739.4,10794.95,260792200,130846000000.0
2019-01-14,10807.0,10808.0,10692.35,10737.6,298774178,127325700000.0
2019-01-15,10777.55,10896.95,10777.55,10886.8,310737078,148799100000.0
2019-01-16,10899.65,10928.15,10876.9,10890.3,276539042,130816299999.99998
2019-01-17,10920.85,10930.65,10844.65,10905.2,271676319,132158300000.0
2019-01-18,10914.85,10928.2,10852.2,10906.95,323814108,164088300000.00003
2019-01-21,10919.35,10987.45,10885.75,10961.85,288829125,172897000000.0
2019-01-22,10949.8,10949.8,10864.15,10922.75,300768112,174836200000.0
2019-01-23,10931.05,10944.8,10811.95,10831.5,298876314,147369100000.0
2019-01-24,10844.05,10866.6,10798.65,10849.8,361082096,152984800000.0
2019-01-25,10859.75,10931.7,10756.45,10780.55,463444758,205423600000.0
2019-01-28,10792.45,10804.45,10630.95,10661.55,419682627,211443300000.00003
2019-01-29,10653.7,10690.35,10583.65,10652.2,356908994,188320600000.0
2019-01-30,10702.25,10710.2,10612.85,10651.8,410107910,212148100000.0
2019-01-31,10690.55,10838.05,10678.55,10830.95,604818027,274711800000.0
2019-02-01,10851.35,10983.45,10813.45,10893.65,482272661,231123700000.0
2019-02-04,10876.75,10927.9,10814.15,10912.25,318300039,154788100000.0
2019-02-05,10908.65,10956.7,10886.7,10934.35,268095127,134351299999.99998
2019-02-06,10965.1,11072.6,10962.7,11062.45,298510497,151728500000.0
2019-02-07,11070.45,11118.1,11043.6,11069.4,263544426,135426900000.0
2019-02-08,11023.5,11041.2,10925.45,10943.6,352787419,155070500000.0
2019-02-11,10930.9,10930.9,10857.1,10888.8,285985383,138189200000.0
2019-02-12,10879.7,10910.9,10823.8,10831.4,292314643,144247800000.0
2019-02-13,10870.55,10891.65,10772.1,10793.65,321958549,153609800000.0
2019-02-14,10786.1,10792.7,10718.75,10746.05,627041405,207974100000.0
2019-02-15,10780.25,10785.75,10620.4,10724.4,521876968,207339500000.0
2019-02-18,10738.65,10759.9,10628.4,10640.95,345440240,149031900000.0
2019-02-19,10636.7,10722.85,10585.65,10604.35,291507060,137650100000.0
2019-02-20,10655.45,10752.7,10646.4,10735.45,289195306,132097099999.99998
2019-02-21,10744.1,10808.85,10721.5,10789.85,279584955,147585000000.0
2019-02-22,10782.7,10801.55,10758.4,10791.65,396846597,243864199999.99997
2019-02-25,10813.25,10887.1,10788.05,10880.1,385905142,164660900000.0
2019-02-26,10775.3,10888.75,10729.3,10835.3,414954476,191867500000.0
2019-02-27,10881.2,10939.7,10751.2,10806.65,381080073,183138500000.0
2019-02-28,10865.7,10865.7,10784.85,10792.5,644159018,271233400000.0
2019-03-01,10842.65,10877.9,10823.1,10863.5,308526309,150100600000.0
2019-03-05,10864.85,10994.9,10817.0,10987.45,373220239,179600300000.0
2019-03-06,11024.85,11062.3,10998.85,11053.0,372550850,178509300000.0
2019-03-07,11077.95,11089.05,11027.1,11058.2,321208766,153216800000.0
2019-03-08,11038.85,11049.0,11008.95,11035.4,326569833,143697700000.0
2019-03-11,11068.75,11180.9,11059.85,11168.05,352242287,173499500000.0
2019-03-12,11231.35,11320.4,11227.0,11301.2,391310519,208613500000.0
2019-03-13,11326.2,11352.3,11276.6,11341.7,382996187,208516699999.99997
2019-03-14,11382.5,11383.45,11313.75,11343.25,294480678,156610500000.0
2019-03-15,11376.85,11487.0,11370.8,11426.85,463704896,251432599999.99997
2019-03-18,11473.85,11530.15,11412.5,11462.2,320250041,169422200000.0
2019-03-19,11500.3,11543.85,11451.25,11532.4,326099667,161799200000.0
2019-03-20,11553.35,11556.1,11503.1,11521.05,366298049,183114400000.0
2019-03-22,11549.2,11572.8,11434.55,11456.9,386193935,197557400000.00003
2019-03-25,11395.65,11395.65,11311.6,11354.25,294459196,141011400000.0
2019-03-26,11375.2,11496.75,11352.45,11483.25,282575496,146116800000.0
2019-03-27,11531.45,11546.2,11413.0,11445.05,350446089,183565200000.0
2019-03-28,11463.65,11588.5,11452.45,11570.0,527678809,257196500000.0
2019-03-29,11625.45,11630.35,11570.15,11623.9,416276981,205152500000.0
2019-04-01,11665.2,11738.1,11644.75,11669.15,379572660,189779900000.00003
2019-04-02,11711.55,11729.35,11655.85,11713.2,386131413,186737000000.0
2019-04-03,11735.3,11761.0,11629.15,11643.95,365760070,190509500000.0
2019-04-04,11660.2,11662.55,11559.2,11598.0,349029830,197130099999.99997
2019-04-05,11638.4,11689.65,11609.5,11665.95,266665797,150003500000.0
2019-04-08,11704.35,11710.3,11549.1,11604.5,260932608,142039600000.0
2019-04-09,11612.05,11683.9,11569.7,11671.95,300467538,159843900000.0
2019-04-10,11646.85,11680.05,11571.75,11584.3,359941110,222584600000.0
2019-04-11,11592.55,11606.7,11550.55,11596.7,279775726,143322000000.0
2019-04-12,11612.85,11657.35,11578.8,11643.45,246006184,135986100000.0
2019-04-15,11667.0,11704.6,11648.25,11690.35,289996075,156357900000.0
2019-04-16,11736.2,11810.95,11731.55,11787.15,354315040,175854800000.0
2019-04-18,11856.15,11856.15,11738.5,11752.8,339653709,182712700000.0
2019-04-22,11727.05,11727.05,11583.95,11594.45,260356055,137541200000.0
2019-04-23,11612.95,11645.95,11564.8,11575.95,272544486,145005300000.0
2019-04-24,11601.5,11740.85,11578.85,11726.15,335196513,170466600000.0
2019-04-25,11735.7,11796.75,11624.3,11641.8,604360395,282543000000.0
2019-04-26,11683.75,11762.9,11661.75,11754.65,333483764,180988300000.00003
2019-04-30,11748.75,11756.25,11655.9,11748.15,532630874,233249800000.0
2019-05-02,11725.55,11789.3,11699.55,11724.75,380278045,177900600000.0
2019-05-03,11722.6,11770.9,11699.35,11712.25,305519934,151563200000.0
2019-05-06,11605.8,11632.55,11571.35,11598.25,299046480,147034200000.0
2019-05-07,11651.5,11657.05,11484.45,11497.9,337495624,166328400000.0
2019-05-08,11478.7,11479.1,11346.95,11359.45,372826025,174400099999.99997
2019-05-09,11322.4,11357.6,11255.05,11301.8,373028059,176028600000.0
2019-05-10,11314.15,11345.8,11251.05,11278.9,387323416,180851900000.0
2019-05-13,11258.7,11300.2,11125.6,11148.2,357586433,167229100000.0
2019-05-14,11151.65,11294.75,11108.3,11222.05,398122725,199063800000.0
2019-05-15,11271.7,11286.8,11136.95,11157.0,414174258,179317500000.0
2019-05-16,11180.35,11281.55,11143.35,11257.1,350734572,156295700000.0
2019-05-17,11261.9,11426.15,11259.85,11407.15,412109200,201776300000.0
2019-05-20,11651.9,11845.2,11591.7,11828.25,452096261,252237800000.0
2019-05-21,11863.65,11883.55,11682.8,11709.1,381038129,203246699999.99997
2019-05-22,11727.95,11784.8,11682.4,11737.9,355870667,195824100000.0
2019-05-23,11901.3,12041.15,11614.5,11657.05,569030654,311800800000.0
2019-05-24,11748.0,11859.0,11658.1,11844.1,374637415,200284900000.00003
2019-05-27,11855.5,11957.15,11812.4,11924.75,348356214,177353600000.0
2019-05-28,11958.35,11958.55,11864.9,11928.75,598308334,288335400000.0
2019-05-29,11905.8,11931.9,11836.8,11861.1,318068673,159859200000.0
2019-05-30,11865.3,11968.55,11859.4,11945.9,421199867,202618500000.0
2019-05-31,11999.8,12039.25,11829.45,11922.8,438879129,227890000000.0
2019-06-03,11953.75,12103.05,11920.1,12088.55,315296955,174513600000.0
2019-06-04,12052.65,12095.2,12005.85,12021.65,289221904,153082800000.0
2019-06-06,12039.8,12039.8,11830.25,11843.75,415206942,211447700000.0
2019-06-07,11865.2,11897.5,11769.5,11870.65,302455910,149394000000.0
2019-06-10,11934.9,11975.05,11871.75,11922.7,303329445,131254100000.0
2019-06-11,11959.85,12000.35,11904.35,11965.6,332181958,153922800000.0
2019-06-12,11962.45,11962.45,11866.35,11906.2,283718253,141201700000.0
2019-06-13,11873.9,11931.35,11817.05,11914.05,447901993,186809100000.0
2019-06-14,11910.1,11911.85,11797.7,11823.3,390294634,162265700000.0
2019-06-17,11844.0,11844.05,11657.75,11672.15,295528399,138516700000.0
2019-06-18,11677.05,11727.2,11641.15,11691.5,365525622,161206900000.0
2019-06-19,11744.45,11802.5,11625.1,11691.45,446933027,187227100000.0
2019-06-20,11653.65,11843.5,11635.05,11831.75,442016954,188391100000.0
2019-06-21,11827.6,11827.95,11705.1,11724.1,468430388,233461300000.0
2019-06-24,11725.8,11754.0,11670.2,11699.65,277620788,126313799999.99998
2019-06-25,11681.0,11814.4,11651.0,11796.45,300476353,138228300000.0
2019-06-26,11768.15,11871.85,11757.55,11847.55,327885018,146508900000.0
2019-06-27,11860.85,11911.15,11821.05,11841.55,480169350,233003000000.0
2019-06-28,11861.15,11871.7,11775.5,11788.85,303888701,151919000000.0
2019-07-01,11839.9,11884.65,11830.8,11865.6,278415889,128749599999.99998
2019-07-02,11890.3,11917.45,11814.7,11910.3,363197036,136159400000.0
2019-07-03,11932.15,11945.2,11887.05,11916.75,340527508,142903300000.0
2019-07-04,11928.8,11969.25,11923.65,11946.75,333595172,147588700000.0
2019-07-05,11964.75,11981.75,11797.9,11811.15,530720039,188719900000.00003
2019-07-08,11770.4,11771.9,11523.3,11558.6,464029444,191462500000.0
2019-07-09,11531.6,11582.55,11461.0,11555.9,442520253,215779500000.0
2019-07-10,11536.15,11593.7,11475.65,11498.9,337571014,160985300000.0
2019-07-11,11561.45,11599.0,11519.5,11582.9,317257578,145862000000.0
2019-07-12,11601.15,11639.55,11538.6,11552.5,359421182,169475700000.0
2019-07-15,11614.75,11618.4,11532.3,11588.35,368788782,158359900000.0
2019-07-16,11596.65,11670.05,11573.95,11662.6,480156167,159679100000.0
2019-07-17,11670.75,11706.65,11651.15,11687.5,464827734,152505000000.0
2019-07-18,11675.6,11677.15,11582.4,11596.9,498258158,166840300000.0
2019-07-19,11627.95,11640.35,11399.3,11419.25,446049198,173264000000.0
2019-07-22,11392.85,11398.15,11301.25,11346.2,516044335,193042300000.0
2019-07-23,11372.25,11398.15,11302.8,11331.05,458931191,191993200000.0
2019-07-24,11322.45,11359.75,11229.8,11271.3,413202832,183531300000.0
2019-07-25,11290.4,11361.4,11239.35,11252.15,553676897,243292100000.0
2019-07-26,11247.45,11307.6,11210.05,11284.3,522670420,203503800000.0
2019-07-29,11307.5,11310.95,11152.4,11189.2,482862376,187059199999.99997
2019-07-30,11213.7,11267.45,11072.65,11085.4,479059399,205457100000.0
2019-07-31,11034.05,11145.3,10999.4,11118.0,536694278,236812200000.0
2019-08-01,11060.2,11076.75,10881.0,10980.0,499918953,210483200000.0
2019-08-02,10930.3,11080.15,10848.95,10997.35,547416246,239720400000.0
2019-08-05,10895.8,10895.8,10782.6,10862.6,506556609,208241000000.0
2019-08-06,10815.4,11018.55,10813.8,10948.25,517891491,216764000000.0
2019-08-07,10958.1,10975.65,10835.9,10855.5,548465787,212282800000.0
2019-08-08,10899.2,11058.05,10842.95,11032.45,482471622,206676000000.0
2019-08-09,11087.9,11181.45,11062.8,11109.65,538063563,210920500000.0
2019-08-13,11139.4,11145.9,10901.6,10925.85,624634647,247906699999.99997
2019-08-14,11003.25,11078.15,10935.6,11029.4,511541716,197128100000.0
2019-08-16,11043.65,11068.65,10924.3,11047.8,470909918,192819100000.0
2019-08-19,11094.8,11146.9,11037.85,11053.9,369493161,141203500000.0
2019-08-20,11063.9,11076.3,10985.3,11017.0,444715679,169159600000.0
2019-08-21,11018.15,11034.2,10906.65,10918.7,557867906,167479900000.00003
2019-08-22,10905.3,10908.25,10718.3,10741.35,668193449,187643800000.0
2019-08-23,10699.6,10862.55,10637.15,10829.35,667079625,209837500000.0
2019-08-26,11000.3,11070.3,10756.55,11057.85,684141923,223759900000.00003
2019-08-27,11106.55,11141.75,11049.5,11105.35,685551267,274131600000.0
2019-08-28,11101.3,11129.65,10987.65,11046.1,549954696,167394300000.0
2019-08-29,10996.05,11021.1,10922.4,10948.3,649876160,201277700000.0
2019-08-30,10987.8,11042.6,10874.8,11023.25,628154431,210573100000.0
2019-09-03,10960.95,10967.5,10772.7,10797.9,483038985,165956000000.0
2019-09-04,10790.4,10858.75,10746.35,10844.65,508784352,191951000000.0
2019-09-05,10860.95,10920.1,10816.0,10847.9,595699267,182798800000.0
2019-09-06,10883.8,10957.05,10867.45,10946.2,497214445,181677800000.0
2019-09-09,10936.7,11028.85,10889.8,11003.05,412471067,147620700000.0
2019-09-11,11028.5,11054.8,11011.65,11035.7,687140326,195505900000.0
2019-09-12,11058.3,11081.75,10964.95,10982.8,551436050,175101699999.99997
2019-09-13,10986.8,11084.45,10945.75,11075.9,624305151,180127599999.99997
2019-09-16,10994.85,11052.7,10968.2,11003.5,434449776,157861700000.0
2019-09-17,11000.1,11000.1,10796.5,10817.6,482013044,177219300000.0
2019-09-18,10872.8,10885.15,10804.85,10840.65,519155072,167844300000.0
2019-09-19,10845.2,10845.2,10670.25,10704.8,642599183,166428300000.00003
2019-09-20,10746.8,11381.9,10691.0,11274.2,1356767450,540815300000.0
2019-09-23,11542.7,11694.85,11471.35,11600.2,882826741,400050100000.0
2019-09-24,11590.7,11655.05,11539.2,11588.2,651722255,269300700000.0
2019-09-25,11564.85,11564.95,11416.1,11440.2,629054640,252662400000.00003
2019-09-26,11469.85,11610.85,11466.35,11571.2,844465614,307078400000.0
2019-09-27,11556.35,11593.6,11499.75,11512.4,650017280,190369400000.0
2019-09-30,11491.15,11508.25,11390.8,11474.45,756848686,237480700000.0
2019-10-01,11515.4,11554.2,11247.9,11359.9,1305415159,289727200000.0
2019-10-03,11322.25,11370.4,11257.35,11314.0,1017479514,216583800000.0
2019-10-04,11388.45,11400.3,11158.35,11174.75,928524450,224707599999.99997
2019-10-07,11196.2,11233.85,11112.65,11126.4,733198763,186413700000.0
2019-10-09,11152.95,11321.6,11090.15,11313.3,741148639,209615400000.0
2019-10-10,11280.5,11293.35,11208.55,11234.55,562017945,192343100000.0
2019-10-11,11257.7,11362.9,11189.4,11305.05,737795150,225113900000.0
2019-10-14,11335.9,11420.45,11290.05,11341.15,587579191,174994800000.0
2019-10-15,11360.85,11462.35,11342.1,11428.3,527396180,170415500000.0
2019-10-16,11464.95,11481.05,11411.1,11464.0,533468525,182660600000.0
2019-10-17,11466.3,11599.1,11439.65,11586.35,797572398,208392000000.0
2019-10-18,11580.3,11684.7,11553.15,11661.85,853440208,223159900000.00003
2019-10-22,11657.15,11714.35,11573.65,11588.35,867601307,297262700000.0
2019-10-23,11596.2,11651.6,11554.4,11604.1,664159887,233976900000.0
2019-10-24,11661.65,11679.6,11534.65,11582.6,700481662,251774600000.0
2019-10-25,11646.15,11646.9,11490.75,11583.9,812027840,236115099999.99997
2019-10-27,11662.25,11672.4,11604.6,11627.15,161779004,35482100000.0
2019-10-29,11643.95,11809.4,11627.35,11786.85,951722529,270548700000.0
2019-10-30,11883.9,11883.95,11784.45,11844.1,725219760,226721800000.0
2019-10-31,11890.45,11945.0,11855.1,11877.45,1414837250,313047300000.0
2019-11-01,11886.6,11918.3,11843.35,11890.6,855338495,249335500000.0
2019-11-04,11928.9,11989.15,11905.35,11941.3,823050457,232038800000.0
2019-11-05,11974.6,11978.95,11861.9,11917.2,631952071,209958800000.0
2019-11-06,11911.5,12002.9,11850.25,11966.05,603351290,233249700000.0
2019-11-07,12021.1,12021.4,11946.85,12012.05,562963817,208982400000.00003
2019-11-08,11987.15,12034.15,11888.75,11908.15,789254360,229315200000.0
2019-11-11,11879.2,11932.65,11853.95,11913.45,548979515,165484700000.0
2019-11-13,11908.3,11946.8,11823.2,11840.45,659035969,204015000000.0
2019-11-14,11858.75,11895.65,11802.65,11872.1,559494025,191148600000.0
2019-11-15,11904.2,11973.65,11879.25,11895.45,580154179,223506300000.0
2019-11-18,11915.15,11946.2,11867.6,11884.5,514352437,179914100000.0
2019-11-19,11919.45,11958.85,11881.75,11940.1,613909679,215748400000.0
2019-11-20,12004.75,12038.6,11966.05,11999.1,646661147,243411400000.0
2019-11-21,12025.65,12028.2,11956.9,11968.4,557685781,216099900000.00003
2019-11-22,11967.3,11968.1,11883.5,11914.4,486815185,192435700000.0
2019-11-25,11922.45,12084.5,11919.75,12073.75,534289467,199904400000.0
2019-11-26,12110.2,12132.45,12006.35,12037.7,1201335831,460306200000.0
2019-11-27,12068.5,12114.9,12055.15,12100.7,584226618,199374000000.0
2019-11-28,12132.1,12158.8,12099.95,12151.15,620479403,212295800000.00003
2019-11-29,12146.2,12147.4,12017.4,12056.05,804430391,218380400000.0
2019-12-02,12137.05,12137.15,12023.7,12048.2,720945335,231131800000.0
2019-12-03,12067.65,12068.6,11956.4,11994.2,605789334,182037599999.99997
2019-12-04,11969.95,12054.7,11935.3,12043.2,747193818,221328300000.00003
2019-12-05,12071.25,12081.2,11998.75,12018.4,562228745,195898100000.0
2019-12-06,12047.35,12057.05,11888.85,11921.5,609221205,182454900000.00003
2019-12-09,11939.1,11981.95,11888.05,11937.5,599115748,166728700000.0
2019-12-10,11950.5,11953.2,11844.7,11856.8,650219487,165146300000.0
2019-12-11,11867.35,11923.2,11832.3,11910.15,997655048,187605700000.0
2019-12-12,11944.3,12005.5,11934.0,11971.8,752617138,184012200000.0
2019-12-13,12026.4,12098.85,12023.6,12086.7,597712516,206268000000.0
2019-12-16,12131.35,12134.65,12046.3,12053.95,437703921,161103400000.0
2019-12-17,12082.45,12182.75,12070.35,12165.0,499585789,209687900000.0
2019-12-18,12197.0,12237.7,12163.45,12221.65,518854651,223410600000.0
2019-12-19,12223.4,12268.35,12191.15,12259.7,623049839,197619000000.0
2019-12-20,12266.45,12293.9,12252.75,12271.8,810676090,257502400000.00003
2019-12-23,12235.45,12287.15,12213.25,12262.75,604782354,180782300000.0
2019-12-24,12269.25,12283.7,12202.1,12214.55,470290298,138645600000.0
2019-12-26,12211.85,12221.55,12118.85,12126.55,520326632,163623100000.0
2019-12-27,12172.9,12258.45,12157.9,12245.8,383788556,136762000000.0
2019-12-30,12274.9,12286.45,12213.8,12255.85,411084614,145567300000.0
2019-12-31,12247.1,12247.1,12151.8,12168.45,426931711,148128900000.0
2020-01-01,12202.15,12222.2,12165.3,12182.5,304078039,104456800000.0
2020-01-02,12198.55,12289.9,12195.25,12282.2,407697594,152565500000.0
2020-01-03,12261.1,12265.6,12191.35,12226.65,428770054,168272700000.0
2020-01-06,12170.6,12179.1,11974.2,11993.05,396501419,168692200000.0
2020-01-07,12079.1,12152.15,12005.35,12052.95,447818617,177976800000.0
2020-01-08,11939.1,12044.95,11929.6,12025.35,445991640,182811500000.0
2020-01-09,12153.15,12224.05,12132.55,12215.9,477469878,184566400000.0
2020-01-10,12271.0,12311.2,12213.2,12256.8,660627930,188186200000.0
2020-01-13,12296.7,12337.75,12285.8,12329.55,500968242,175221300000.0
2020-01-14,12333.1,12374.25,12308.7,12362.3,616260555,179489199999.99997
2020-01-15,12349.4,12355.15,12278.75,12343.3,684352965,178825099999.99997
2020-01-16,12347.1,12389.05,12315.8,12355.5,395670245,160040600000.0
2020-01-17,12328.4,12385.45,12321.4,12352.35,502060615,213976300000.0
2020-01-20,12430.5,12430.5,12216.9,12224.55,491609317,214154300000.0
2020-01-21,12195.3,12230.05,12162.3,12169.85,443976442,186826500000.0
2020-01-22,12218.35,12225.05,12087.9,12106.9,526294513,197586800000.0
2020-01-23,12123.75,12189.0,12094.1,12180.35,867653663,238293900000.0
2020-01-24,12174.55,12272.15,12149.65,12248.25,593237908,180322700000.0
2020-01-27,12197.1,12216.6,12107.0,12119.0,441158138,179886100000.0
2020-01-28,12148.1,12163.55,12024.5,12055.8,478484057,209176200000.0
2020-01-29,12114.9,12169.6,12103.8,12129.5,514362340,206461800000.0
2020-01-30,12147.75,12150.3,12010.6,12035.8,538138743,193726699999.99997
2020-01-31,12100.4,12103.55,11945.85,11962.1,771278258,260449100000.0
2020-02-01,11939.0,12017.35,11633.3,11661.85,537634767,205981200000.0
2020-02-03,11627.45,11749.85,11614.5,11707.9,669815788,254152599999.99997
2020-02-04,11786.25,11986.15,11783.4,11979.65,560430291,223385000000.0
2020-02-05,12005.85,12098.15,11953.35,12089.15,758032580,229980500000.0
2020-02-06,12120.0,12160.6,12084.65,12137.95,565116236,217359199999.99997
2020-02-07,12151.15,12154.7,12073.95,12098.35,473475144,163396100000.0
2020-02-10,12102.35,12103.55,11990.75,12031.5,525674715,171851400000.0
2020-02-11,12108.4,12172.3,12099.0,12107.9,480491557,162095200000.0
2020-02-12,12151.0,12231.75,12144.3,12201.2,412399174,165983300000.00003
2020-02-13,12219.55,12225.65,12139.8,12174.65,501510138,163152700000.0
2020-02-14,12190.15,12246.7,12091.2,12113.45,623053270,207595099999.99997
2020-02-17,12131.8,12159.6,12037.0,12045.8,455412408,154395500000.0
2020-02-18,12028.25,12030.75,11908.05,11992.5,677307424,188530000000.0
2020-02-19,12090.6,12134.7,12042.1,12125.9,514030605,176108900000.0
2020-02-20,12119.0,12152.0,12071.45,12080.85,502875583,188315099999.99997
2020-02-24,12012.55,12012.55,11813.4,11829.4,491224913,194210400000.0
2020-02-25,11877.5,11883.05,11779.9,11797.9,461349973,185108200000.0
2020-02-26,11738.55,11783.25,11639.6,11678.5,567990976,218870700000.0
2020-02-27,11661.25,11663.85,11536.7,11633.3,609266324,216234700000.0
2020-02-28,11382.0,11384.8,11175.05,11201.75,810523106,322971500000.0
2020-03-02,11387.35,11433.0,11036.25,11132.75,681148567,242045500000.0
2020-03-03,11217.55,11342.25,11152.55,11303.3,696919348,232812000000.0
2020-03-04,11351.35,11356.6,11082.15,11251.0,798021596,269284600000.0
2020-03-05,11306.05,11389.5,11244.6,11269.0,1353209029,269806500000.0
2020-03-06,10942.65,11035.1,10827.4,10989.45,1811564187,264552900000.0
2020-03-09,10742.05,10751.55,10294.45,10451.45,1566119057,351517900000.0
2020-03-11,10334.3,10545.1,10334.0,10458.4,1219079693,325484700000.0
2020-03-12,10039.95,10040.75,9508.0,9590.15,1344263317,392839700000.0
2020-03-13,9107.6,10159.4,8555.15,9955.2,1389061775,441678900000.0
2020-03-16,9587.8,9602.2,9165.1,9197.4,898523271,291818000000.0
2020-03-17,9285.4,9403.8,8915.6,8967.05,936185892,280041600000.0
2020-03-18,9088.45,9127.55,8407.05,8468.8,1517275761,392567100000.0
2020-03-19,8063.3,8575.45,7832.55,8263.45,926508824,342742300000.00006
2020-03-20,8284.45,8883.0,8178.2,8745.45,1072263600,373212500000.0
2020-03-23,7945.7,8159.25,7583.6,7610.25,654151814,238919000000.0
2020-03-24,7848.3,8036.95,7511.1,7801.05,739354439,282820900000.0
2020-03-25,7735.15,8376.75,7714.75,8317.85,738114713,284820100000.0
2020-03-26,8451.0,8749.05,8304.9,8641.45,866534643,322283100000.0
2020-03-27,8949.1,9038.9,8522.9,8660.25,801923401,313368600000.0
2020-03-30,8385.95,8576.0,8244.0,8281.1,593953051,247244400000.0
2020-03-31,8529.35,8678.3,8358.0,8597.75,713390935,274013000000.0
2020-04-01,8584.1,8588.1,8198.35,8253.8,507509685,213073000000.0
2020-04-03,8356.55,8356.55,8055.8,8083.8,697752438,265611800000.0
2020-04-07,8446.3,8819.4,8360.95,8792.2,815245226,352066900000.0
2020-04-08,8688.9,9131.7,8653.9,8748.75,897562690,376416800000.0
2020-04-09,8973.05,9128.35,8904.55,9111.9,743036134,329078200000.0
2020-04-13,9103.95,9112.05,8912.4,8993.85,644468815,267490600000.0
2020-04-15,9196.4,9261.2,8874.1,8925.3,880159358,418786400000.0
2020-04-16,8851.25,9053.75,8821.9,8992.8,720116479,313182900000.0
2020-04-17,9323.45,9324.0,9091.35,9266.75,684910520,333347300000.00006
2020-04-20,9390.2,9390.85,9230.8,9261.85,726364699,286209100000.0
2020-04-21,9016.95,9044.4,8909.4,8981.45,655122903,282738900000.0
2020-04-22,9026.75,9209.75,8946.25,9187.3,734383388,339818200000.0
2020-04-23,9232.35,9343.6,9170.15,9313.9,666650462,302705500000.0
2020-04-24,9163.9,9296.9,9141.3,9154.4,659439249,328590500000.0
2020-04-27,9259.7,9377.1,9250.35,9282.3,512793298,266965400000.0
2020-04-28,9389.8,9404.4,9260.0,9380.9,614548983,300914100000.0
2020-04-29,9408.6,9599.85,9392.35,9553.35,653026950,316732300000.0
2020-04-30,9753.5,9889.05,9731.5,9859.9,931173802,393324600000.0
2020-05-04,9533.5,9533.5,9266.95,9293.5,687487134,297859500000.0
2020-05-05,9429.4,9450.9,9190.75,9205.6,725196178,297002000000.0
2020-05-06,9226.8,9346.9,9116.5,9270.9,722185448,307981000000.0
2020-05-07,9234.05,9277.85,9175.9,9199.05,708740416,597055300000.0
2020-05-08,9376.95,9382.65,9238.2,9251.5,609053504,307434500000.0
2020-05-11,9348.15,9439.9,9219.95,9239.2,704647074,310484700000.0
2020-05-12,9168.85,9240.85,9043.95,9196.55,805458787,377062699999.99994
2020-05-13,9584.2,9584.5,9351.1,9383.55,846395245,364889000000.0
2020-05-14,9213.95,9281.1,9119.75,9142.75,602555564,295415900000.0
2020-05-15,9182.4,9182.4,9050.0,9136.85,575857112,258473300000.00003
2020-05-18,9158.3,9158.3,8806.75,8823.25,772983297,333474600000.0
2020-05-19,8961.7,9030.35,8855.3,8879.1,762152894,320269400000.0
2020-05-20,8889.15,9093.8,8875.35,9066.55,622308140,307219900000.0
2020-05-21,9079.45,9178.55,9056.1,9106.25,631542699,283035100000.0
2020-05-22,9067.9,9149.6,8968.55,9039.25,675759336,316254700000.0
2020-05-26,9099.75,9161.65,8996.65,9029.05,654959960,308715900000.0
2020-05-27,9082.2,9334.0,9004.25,9314.95,763492487,346038800000.0
2020-05-28,9364.95,9511.25,9336.5,9490.1,837911425,377619100000.00006
2020-05-29,9422.2,9598.85,9376.9,9580.3,967005438,450062500000.0
2020-06-01,9726.85,9931.6,9706.95,9826.15,794183122,380969200000.0
2020-06-02,9880.85,9995.6,9824.05,9979.1,770192848,367231100000.0
2020-06-03,10108.3,10176.2,10035.55,10061.55,794664422,383436100000.0
2020-06-04,10054.25,10123.85,9944.25,10029.1,775106567,363990400000.0
2020-06-05,10093.8,10177.8,10040.75,10142.15,987122302,378246300000.0
2020-06-08,10326.75,10328.5,10120.25,10167.45,936485541,378190600000.0
2020-06-09,10181.15,10291.15,10021.45,10046.65,754217460,362010500000.0
2020-06-10,10072.6,10148.75,10036.85,10116.15,632383068,284854700000.0
2020-06-11,10094.1,10112.05,9885.05,9902.0,715453486,308138500000.0
2020-06-12,9544.95,9996.05,9544.35,9972.9,796306399,365057699999.99994
2020-06-15,9919.35,9943.35,9726.35,9813.7,716053036,319266500000.0
2020-06-16,10014.8,10046.15,9728.5,9914.0,899895044,362578900000.0
2020-06-17,9876.7,10003.6,9833.8,9881.15,685418390,307006900000.0
2020-06-18,9863.25,10111.2,9845.05,10091.65,622895963,285943200000.0
2020-06-19,10119.0,10272.4,10072.65,10244.4,892096343,481035600000.0
2020-06-22,10318.75,10393.65,10277.6,10311.2,685385093,355298000000.0
2020-06-23,10347.95,10484.7,10301.75,10471.0,669195109,341481300000.0
2020-06-24,10529.25,10553.15,10281.95,10305.3,854799801,413944500000.0
2020-06-25,10235.55,10361.8,10194.5,10288.9,994190886,417260700000.0
2020-06-26,10378.9,10409.85,10311.25,10383.0,671910159,318416800000.0
2020-06-29,10311.95,10337.95,10223.6,10312.4,574544482,270194600000.0
2020-06-30,10382.6,10401.05,10267.35,10302.1,556238560,273425500000.0
2020-07-01,10323.8,10447.05,10299.6,10430.05,573550127,287362800000.0
2020-07-02,10493.05,10598.2,10485.55,10551.7,597423931,312351700000.0
2020-07-03,10614.95,10631.3,10562.65,10607.35,525190704,251863900000.0
2020-07-06,10723.85,10811.4,10695.1,10763.65,571212914,298575400000.0
2020-07-07,10802.85,10813.8,10689.7,10799.65,636764929,365023700000.0
2020-07-08,10818.65,10847.85,10676.55,10705.75,767941333,376763399999.99994
2020-07-09,10755.55,10836.85,10733.0,10813.45,618652409,313158700000.0
2020-07-10,10764.1,10819.4,10713.0,10768.05,590705425,315575800000.0
2020-07-13,10851.85,10894.05,10756.05,10802.7,554050579,306063000000.0
2020-07-14,10750.85,10755.65,10562.9,10607.35,532368699,309024700000.0
2020-07-15,10701.0,10827.45,10577.75,10618.2,715901258,423760300000.0
2020-07-16,10706.2,10755.3,10595.2,10739.95,694402635,414539500000.0
2020-07-17,10752.0,10933.45,10749.65,10901.7,676881092,355928300000.0
2020-07-20,10999.45,11037.9,10953.0,11022.2,554306867,327386400000.0
2020-07-21,11126.1,11179.55,11113.25,11162.25,771998838,424618900000.0
2020-07-22,11231.2,11238.1,11056.55,11132.6,765074288,410687200000.0
2020-07-23,11135.0,11239.8,11103.15,11215.45,621575333,327449300000.0
2020-07-24,11149.95,11225.4,11090.3,11194.15,678935175,402171700000.0
2020-07-27,11225.0,11225.0,11087.85,11131.8,588148687,345397300000.00006
2020-07-28,11154.1,11317.75,11151.4,11300.55,683891350,386774700000.0
2020-07-29,11276.9,11341.4,11149.75,11202.85,600726301,387260199999.99994
2020-07-30,11254.3,11299.95,11084.95,11102.15,677761342,391504400000.0
2020-07-31,11139.5,11150.4,11026.65,11073.45,642560311,362200899999.99994
2020-08-03,11057.55,11058.05,10882.25,10891.6,680929323,311499400000.0
2020-08-04,10946.65,11112.25,10908.1,11095.25,625738313,353579600000.0
2020-08-05,11155.75,11225.65,11064.05,11101.65,667639446,348945800000.0
2020-08-06,11185.7,11256.8,11127.3,11200.15,600374615,315010800000.0
2020-08-07,11186.65,11231.9,11142.05,11214.05,452629891,270544300000.0
2020-08-10,11270.25,11337.3,11238.0,11270.15,491999534,291082500000.0
2020-08-11,11322.25,11373.6,11299.15,11322.5,586084846,303148900000.0
2020-08-12,11289.0,11322.0,11242.65,11308.4,609858960,280880900000.0
2020-08-13,11334.85,11359.3,11269.95,11300.45,562355175,265005200000.0
2020-08-14,11353.3,11366.25,11111.45,11178.4,645109756,310592300000.0
2020-08-17,11248.9,11267.1,11144.5,11247.1,633963958,274686699999.99997
2020-08-18,11259.8,11401.7,11253.15,11385.35,579242492,272675099999.99997
2020-08-19,11452.15,11460.35,11394.1,11408.4,626217997,275281200000.0
2020-08-20,11317.45,11361.45,11289.8,11312.2,791587770,276761800000.0
2020-08-21,11409.65,11418.5,11362.2,11371.6,668719170,262942599999.99997
2020-08-24,11412.0,11497.25,11410.65,11466.45,532900535,289208400000.0
2020-08-25,11513.1,11525.9,11423.35,11472.25,638152608,287428200000.0
2020-08-26,11512.85,11561.75,11461.85,11549.6,743442521,348520100000.0
2020-08-27,11609.3,11617.35,11540.6,11559.25,719776490,315806100000.0
2020-08-28,11602.95,11686.05,11589.4,11647.6,806997707,393499200000.0
2020-08-31,11777.55,11794.25,11325.85,11387.5,1371789450,616685500000.0
2020-09-01,11464.3,11553.55,11366.9,11470.25,783769555,367525400000.0
2020-09-02,11478.55,11554.75,11430.4,11535.0,593494423,274546500000.0
2020-09-03,11566.2,11584.95,11507.65,11527.45,607115212,268682599999.99997
2020-09-04,11354.4,11452.05,11303.65,11333.85,681338905,317468600000.0
2020-09-07,11359.6,11381.15,11251.7,11355.05,560322964,259598200000.0
2020-09-08,11378.55,11437.25,11290.45,11317.35,572239350,279797000000.0
2020-09-09,11218.6,11298.15,11185.15,11278.0,728880693,326606700000.0
2020-09-10,11363.3,11464.05,11327.4,11449.25,679419973,392391000000.0
2020-09-11,11447.8,11493.5,11419.9,11464.45,554789157,296140900000.0
2020-09-14,11540.15,11568.9,11383.55,11440.05,642270123,339969400000.0
2020-09-15,11487.2,11535.95,11442.25,11521.8,506667239,280545100000.0
2020-09-16,11538.45,11618.1,11516.75,11604.55,527804775,276297100000.0
2020-09-17,11539.4,11587.2,11498.5,11516.1,517729494,296749500000.0
2020-09-18,11584.1,11584.1,11446.1,11504.95,764154094,486986800000.0
2020-09-21,11503.8,11535.25,11218.5,11250.55,602851737,372132300000.00006
2020-09-22,11301.75,11302.2,11084.65,11153.65,672249921,362964900000.0
2020-09-23,11258.75,11259.55,11024.4,11131.85,714925847,355429800000.00006
2020-09-24,11011.0,11015.3,10790.2,10805.55,706139506,336237100000.0
2020-09-25,10910.4,11072.6,10854.85,11050.25,559597322,311221800000.0
2020-09-28,11140.85,11239.35,11099.85,11227.55,472777324,243611699999.99997
2020-09-29,11288.6,11305.4,11181.0,11222.4,498295735,268751400000.0
2020-09-30,11244.45,11295.4,11184.55,11247.55,499343849,281347700000.0
2020-10-01,11364.45,11428.6,11347.05,11416.95,447740006,262127200000.0
2020-10-05,11487.8,11578.05,11452.3,11503.35,530597393,313415500000.0
2020-10-06,11603.45,11680.3,11564.3,11662.4,561444728,303736500000.0
2020-10-07,11679.25,11763.05,11629.35,11738.85,513367516,329359800000.00006
2020-10-08,11835.4,11905.7,11791.15,11834.6,608768573,386774900000.0
2020-10-09,11852.05,11938.6,11805.2,11914.2,611079482,345468000000.0
2020-10-12,11973.55,12022.05,11867.2,11930.95,522627571,265864700000.0
2020-10-13,11934.65,11988.2,11888.9,11934.5,458304851,294032200000.0
2020-10-14,11917.4,11997.2,11822.15,11971.05,569245407,299406200000.0
2020-10-15,12023.45,12025.45,11661.3,11680.35,608865041,351759200000.0
2020-10-16,11727.4,11789.75,11667.85,11762.45,555764762,304391900000.0
2020-10-19,11879.2,11898.25,11820.4,11873.05,541420990,298886000000.0
2020-10-20,11861.0,11949.25,11837.25,11896.8,453560934,283673400000.0
2020-10-21,11958.55,12018.65,11775.75,11937.65,623658140,374771300000.0
2020-10-22,11890.0,11939.55,11823.45,11896.45,544901152,330131700000.0
2020-10-23,11957.9,11974.55,11908.75,11930.35,502340361,274246100000.0
2020-10-26,11937.4,11942.85,11711.7,11767.75,519815905,293160200000.0
2020-10-27,11807.1,11899.05,11723.0,11889.4,616318543,379899700000.0
2020-10-28,11922.6,11929.4,11684.85,11729.6,704018608,370258900000.0
2020-10-29,11633.3,11744.15,11606.45,11670.8,554959844,304366200000.0
2020-10-30,11678.45,11748.95,11535.45,11642.4,553672805,281515800000.0
2020-11-02,11697.35,11725.65,11557.4,11669.15,568434165,357145700000.0
2020-11-03,11734.45,11836.2,11723.3,11813.5,674303605,363639500000.0
2020-11-04,11783.35,11929.65,11756.4,11908.5,667290347,385520899999.99994
2020-11-05,12062.4,12131.1,12027.6,12120.3,632455414,323114600000.0
2020-11-06,12156.65,12280.4,12131.85,12263.55,576837602,349659400000.0
2020-11-09,12399.4,12474.05,12367.35,12461.05,553449924,342551100000.0
2020-11-10,12556.4,12643.9,12475.25,12631.1,847450692,512470100000.0
2020-11-11,12680.6,12769.75,12571.1,12749.15,880475468,547445500000.0
2020-11-12,12702.15,12741.15,12624.85,12690.8,622017762,367942400000.0
2020-11-13,12659.7,12735.95,12607.7,12719.95,513948665,345686500000.0
2020-11-14,12823.35,12828.7,12749.45,12780.25,107868139,51893800000.0
2020-11-17,12932.5,12934.05,12797.1,12874.2,707676873,409770300000.0
2020-11-18,12860.1,12948.85,12819.35,12938.25,731321438,398564500000.0
2020-11-19,12839.5,12963.0,12745.75,12771.7,768751782,447470800000.0
2020-11-20,12813.4,12892.45,12730.25,12859.05,663997267,429921500000.0
2020-11-23,12960.3,12968.85,12825.7,12926.45,633117401,420313800000.0
2020-11-24,13002.6,13079.1,12978.0,13055.15,571864976,370942300000.00006
2020-11-25,13130.0,13145.85,12833.65,12858.4,679005507,374013600000.0
2020-11-26,12906.45,13018.0,12790.4,12987.0,549798925,346241500000.0
2020-11-27,13012.05,13035.3,12914.3,12968.95,1162360673,785229299999.9999
2020-12-01,13062.2,13128.4,12962.8,13109.05,583633902,329172600000.0
2020-12-02,13121.4,13128.5,12983.55,13113.75,717711761,340087400000.0
2020-12-03,13215.3,13216.6,13107.9,13133.9,713688035,396277100000.0
2020-12-04,13177.4,13280.05,13152.85,13258.55,640514315,364280500000.0
2020-12-07,13264.85,13366.65,13241.95,13355.75,591722966,335786400000.0
2020-12-08,13393.85,13435.45,13311.05,13392.95,543165361,337558100000.0
2020-12-09,13458.1,13548.9,13449.6,13529.1,502605319,287269700000.0
2020-12-10,13488.5,13503.55,13399.3,13478.3,553402501,304002000000.0
2020-12-11,13512.3,13579.35,13402.85,13513.85,787707481,336965700000.0
2020-12-14,13571.45,13597.5,13472.45,13558.15,558390043,281335800000.0
2020-12-15,13547.2,13589.65,13447.05,13567.85,497600393,308283300000.0
2020-12-16,13663.1,13692.35,13606.45,13682.7,462151091,274601800000.0
2020-12-17,13713.55,13773.25,13673.55,13740.7,416008520,277129300000.0
2020-12-18,13764.4,13772.85,13658.6,13760.55,519393189,348033000000.0
2020-12-21,13741.9,13777.5,13131.45,13328.4,687255400,382436200000.0
2020-12-22,13373.65,13492.05,13192.9,13466.3,696197300,363283300000.0
2020-12-23,13473.5,13619.45,13432.2,13601.1,458651819,270734500000.0
2020-12-24,13672.15,13771.75,13626.9,13749.25,471367730,247643500000.0
2020-12-28,13815.15,13885.3,13811.55,13873.2,403634030,209230600000.0
2020-12-29,13910.35,13967.6,13859.9,13932.6,439593961,251542300000.0
2020-12-30,13980.9,13997.0,13864.95,13981.95,380681073,246331200000.0
2020-12-31,13970.0,14024.85,13936.45,13981.75,452410109,263058200000.0
2021-01-01,13996.1,14049.85,13991.35,14018.5,258090905,158737500000.0
2021-01-04,14104.35,14147.95,13953.75,14132.9,494999295,287050900000.0
2021-01-05,14075.15,14215.6,14048.15,14199.5,492475349,308728700000.0
2021-01-06,14240.95,14244.15,14039.9,14146.25,632323316,346155500000.0
2021-01-07,14253.75,14256.25,14123.1,14137.35,559173512,334464700000.0
2021-01-08,14258.4,14367.3,14221.65,14347.25,613472067,376151900000.0
2021-01-11,14474.05,14498.2,14383.1,14484.75,672878543,401862100000.0
2021-01-12,14473.8,14590.65,14432.85,14563.45,929566952,449761200000.0
2021-01-13,14639.8,14653.35,14435.7,14564.85,873956688,446829300000.0
2021-01-14,14550.05,14617.8,14471.5,14595.6,620194977,375343700000.0
2021-01-15,14594.35,14617.45,14357.85,14433.7,789557216,399121800000.0
2021-01-18,14453.3,14459.15,14222.8,14281.3,762043554,417162200000.0
2021-01-19,14371.65,14546.05,14350.85,14521.15,546108304,330847900000.0
2021-01-20,14538.3,14666.45,14517.55,14644.7,623069963,346393600000.0
2021-01-21,14730.95,14753.55,14517.25,14590.35,704646957,419390400000.0
2021-01-22,14583.4,14619.9,14357.75,14371.9,776750347,453225400000.0
2021-01-25,14477.8,14491.1,14218.6,14238.9,618631493,422783900000.0
2021-01-27,14237.95,14237.95,13929.3,13967.5,660711117,405792400000.0
2021-01-28,13810.4,13898.25,13713.25,13817.55,637871621,398818200000.0
2021-01-29,13946.6,13966.85,13596.75,13634.6,753206122,469182900000.0
2021-02-01,13758.6,14336.35,13661.75,14281.2,870529495,518402200000.0
2021-02-02,14481.1,14731.7,14469.15,14647.85,914965225,581777400000.0
2021-02-03,14754.9,14868.85,14574.15,14789.95,869477087,493123500000.0
2021-02-04,14789.05,14913.7,14714.75,14895.65,884686415,478118000000.0
2021-02-05,14952.6,15014.65,14864.75,14924.25,935629058,543946300000.0
2021-02-08,15064.3,15159.9,15041.05,15115.8,671242694,404839600000.0
2021-02-09,15164.15,15257.1,15064.3,15109.3,713279133,419307200000.0
2021-02-10,15119.05,15168.25,14977.2,15106.5,624791133,407079700000.0
2021-02-11,15073.25,15188.5,15065.4,15173.3,500122414,309334400000.0
2021-02-12,15186.2,15243.5,15081.0,15163.3,571808807,323042400000.0
2021-02-15,15270.3,15340.15,15243.4,15314.7,455959720,289552900000.0
2021-02-16,15371.45,15431.75,15242.2,15313.45,648545320,365500300000.0
2021-02-17,15279.9,15314.3,15170.75,15208.9,504767226,340731200000.0
2021-02-18,15238.7,15250.75,15078.05,15118.95,770629541,370939900000.0
2021-02-19,15074.8,15144.05,14898.2,14981.75,712213821,374193399999.99994
2021-02-22,14999.05,15010.1,14635.05,14675.7,609898454,375780700000.0
2021-02-23,14782.25,14854.5,14651.85,14707.8,744092809,395080899999.99994
2021-02-24,14729.15,15008.8,14723.05,14982.0,403754669,237239900000.00003
2021-02-25,15079.85,15176.5,15065.35,15097.35,803883875,429830700000.0
2021-02-26,14888.6,14919.45,14467.75,14529.15,1103644519,650129600000.0
2021-03-01,14702.5,14806.8,14638.55,14761.55,507302977,300305700000.0
2021-03-02,14865.3,14959.1,14760.8,14919.1,621723916,346472600000.0
2021-03-03,15064.4,15273.15,14995.8,15245.6,544205583,345677300000.00006
2021-03-04,15026.75,15202.35,14980.2,15080.75,534850447,360360199999.99994
2021-03-05,14977.95,15092.35,14862.1,14938.1,640700362,378116000000.0
2021-03-08,15002.45,15111.15,14919.9,14956.2,580308065,295180700000.0
2021-03-09,15049.9,15126.85,14925.45,15098.4,675271251,383654800000.00006
2021-03-10,15202.15,15218.45,15100.85,15174.8,404585756,256033200000.0
2021-03-12,15321.15,15336.3,14953.6,15030.95,493238854,321959600000.0
2021-03-15,15048.4,15048.4,14745.85,14929.5,467473367,281180000000.0
2021-03-16,14996.1,15051.6,14890.65,14910.45,437651327,279750700000.0
2021-03-17,14946.55,14956.55,14696.05,14721.3,479352147,279835000000.0
2021-03-18,14855.5,14875.2,14478.6,14557.85,542216908,313397100000.0
2021-03-19,14471.15,14788.25,14350.1,14744.0,919178208,490112699999.99994
2021-03-22,14736.3,14763.9,14597.85,14736.4,458997059,273450200000.0
2021-03-23,14768.55,14878.6,14707.0,14814.75,474150088,303220900000.0
2021-03-24,14712.45,14752.35,14535.0,14549.4,456403503,278689300000.0
2021-03-25,14570.9,14575.6,14264.4,14324.9,606820996,353502200000.0
2021-03-26,14506.3,14572.9,14414.25,14507.3,481000845,294234500000.0
2021-03-30,14628.5,14876.3,14617.6,14845.1,594520567,351179300000.0
2021-03-31,14811.85,14813.75,14670.25,14690.7,436874691,297418300000.0
2021-04-01,14798.4,14883.2,14692.45,14867.35,430028476,295852300000.0
2021-04-05,14837.7,14849.85,14459.5,14637.8,500476690,338853900000.0
2021-04-06,14737.0,14779.1,14573.9,14683.5,474211156,318859700000.0
2021-04-07,14716.45,14879.8,14649.85,14819.05,476382016,351849600000.0
2021-04-08,14875.65,14984.15,14821.1,14873.8,503728173,344445600000.0
2021-04-09,14882.65,14918.45,14785.65,14834.85,498347599,350103600000.0
2021-04-12,14644.65,14652.5,14248.7,14310.8,638475842,434332400000.0
2021-04-13,14364.9,14528.9,14274.9,14504.8,588666016,408465700000.0
2021-04-15,14522.4,14597.55,14353.2,14581.45,556851211,401772500000.0
2021-04-16,14599.6,14697.7,14559.0,14617.85,568568743,366536500000.0
2021-04-19,14306.6,14382.3,14191.4,14359.45,503142904,347519500000.0
2021-04-20,14526.7,14526.95,14207.3,14296.4,456704716,346871100000.0
2021-04-22,14219.15,14424.75,14151.4,14406.15,516985252,372357100000.0
2021-04-23,14326.35,14461.15,14273.3,14341.35,476613608,318946600000.0
2021-04-26,14449.45,14557.5,14421.3,14485.0,448533329,331561600000.00006
2021-04-27,14493.8,14667.55,14484.85,14653.05,442211685,321811400000.0
2021-04-28,14710.5,14890.25,14694.95,14864.55,453990807,376501100000.0
2021-04-29,14979.0,15044.35,14814.45,14894.9,511466673,415973700000.0
2021-04-30,14747.35,14855.45,14601.7,14631.1,594744498,403358600000.0
2021-05-03,14481.05,14673.85,14416.25,14634.15,443410846,325389700000.0
2021-05-04,14687.25,14723.4,14461.5,14496.5,479657079,340247699999.99994
2021-05-05,14604.15,14637.9,14506.6,14617.85,437261063,289424700000.0
2021-05-06,14668.35,14743.9,14611.5,14724.8,445281496,310159500000.0
2021-05-07,14816.85,14863.05,14765.5,14823.15,483677266,335833700000.0
2021-05-10,14928.25,14966.9,14892.5,14942.35,510598577,316206400000.0
2021-05-11,14789.7,14900.0,14771.4,14850.75,616204478,329558200000.0
2021-05-12,14823.55,14824.05,14649.7,14696.5,620318215,320352300000.0
2021-05-14,14749.4,14749.65,14591.9,14677.8,602738614,391762800000.0
2021-05-17,14756.25,14938.0,14725.35,14923.15,534516176,355712800000.0
2021-05-18,15067.2,15137.25,15043.7,15108.1,571923125,356347300000.00006
2021-05-19,15058.6,15133.4,15008.85,15030.15,563293717,311002100000.0
2021-05-20,15042.6,15069.8,14884.9,14906.05,467455658,280025300000.0
2021-05-21,14987.8,15190.0,14985.85,15175.3,557730470,319217600000.0
2021-05-24,15211.35,15256.25,15145.45,15197.7,566722866,320610400000.0
2021-05-25,15291.75,15293.85,15163.4,15208.45,417323446,268719900000.00003
2021-05-26,15257.05,15319.9,15194.95,15301.45,377682051,261878300000.00003
2021-05-27,15323.95,15384.55,15272.5,15337.85,682374351,482199300000.0
2021-05-28,15421.2,15469.65,15394.75,15435.65,455582440,329920800000.0
2021-05-31,15437.75,15606.35,15374.0,15582.8,435999456,327392900000.0
2021-06-01,15629.65,15660.75,15528.3,15574.85,409562322,279640900000.0
2021-06-02,15520.35,15597.45,15459.85,15576.2,428641666,287818700000.0
2021-06-03,15655.55,15705.1,15611.0,15690.35,410240584,275194800000.0
2021-06-04,15712.5,15733.6,15622.35,15670.25,414162241,253630300000.0
2021-06-07,15725.1,15773.45,15678.1,15751.65,393970049,254114800000.0
2021-06-08,15773.9,15778.8,15680.0,15740.1,378164658,241721300000.0
2021-06-09,15766.3,15800.45,15566.9,15635.35,457855735,269264900000.00003
2021-06-10,15692.1,15751.25,15648.5,15737.75,298297041,230329000000.0
2021-06-11,15796.45,15835.55,15749.8,15799.35,363011297,245916900000.0
2021-06-14,15791.4,15823.05,15606.5,15811.85,392862037,280015000000.0
2021-06-15,15866.95,15901.6,15842.4,15869.25,323262818,221812599999.99997
2021-06-16,15847.5,15880.85,15742.6,15767.55,340191175,225059500000.0
2021-06-17,15648.3,15769.35,15616.75,15691.4,357649243,260484700000.0
2021-06-18,15756.5,15761.5,15450.9,15683.35,640821642,420245500000.0
2021-06-21,15525.85,15765.15,15505.65,15746.5,351530072,225258900000.0
2021-06-22,15840.5,15895.75,15752.1,15772.75,322237561,244404700000.0
2021-06-23,15862.8,15862.95,15673.95,15686.95,287536735,232229400000.0
2021-06-24,15737.3,15821.4,15702.7,15790.45,316662241,296235800000.0
2021-06-25,15839.35,15870.8,15772.3,15860.35,314614380,269332200000.0
2021-06-28,15915.35,15915.65,15792.15,15814.7,255099272,187134100000.0
2021-06-29,15807.5,15835.9,15724.05,15748.45,360334724,243921300000.0
2021-06-30,15776.9,15839.1,15708.75,15721.5,262386323,203797599999.99997
2021-07-01,15755.05,15755.55,15667.05,15680.0,224921644,173599700000.0
2021-07-02,15705.85,15738.35,15635.95,15722.2,254808999,180154199999.99997
2021-07-05,15793.4,15845.95,15762.05,15834.35,207032153,149765400000.0
2021-07-06,15813.75,15914.2,15801.0,15818.25,391410742,244560500000.0
2021-07-07,15819.6,15893.55,15779.7,15879.65,329308646,222599600000.0
2021-07-08,15855.4,15885.75,15682.9,15727.9,307928495,195979500000.0
2021-07-09,15688.25,15730.85,15632.75,15689.8,243249366,199768600000.0
2021-07-12,15766.8,15789.2,15644.75,15692.6,216272488,184828900000.0
2021-07-13,15794.0,15820.8,15744.6,15812.35,246676549,182059700000.0
2021-07-14,15808.7,15877.35,15764.2,15853.95,239924352,183728400000.0
2021-07-15,15872.15,15952.35,15855.0,15924.2,284851049,209613700000.0
2021-07-16,15958.35,15962.25,15882.6,15923.4,276298105,187581300000.0
2021-07-19,15754.5,15836.9,15707.5,15752.4,242131813,180887800000.0
2021-07-20,15703.95,15728.45,15578.55,15632.1,274284165,213295500000.0
2021-07-22,15736.6,15834.8,15726.4,15824.05,265250867,239883900000.0
2021-07-23,15856.8,15899.8,15768.4,15856.05,294098244,206858200000.0
2021-07-26,15849.3,15893.35,15797.0,15824.45,267076679,194871800000.0
2021-07-27,15860.5,15881.55,15701.0,15746.45,311012065,261173400000.0
2021-07-28,15761.55,15767.5,15513.45,15709.4,318601589,260904800000.0
2021-07-29,15762.7,15817.35,15737.8,15778.45,401584915,294605400000.0
2021-07-30,15800.6,15862.8,15744.85,15763.05,400021237,305396300000.0
2021-08-02,15874.9,15892.9,15834.65,15885.15,244847433,207669900000.00003
2021-08-03,15951.55,16146.9,15914.35,16130.75,341289658,263732400000.00003
2021-08-04,16195.25,16290.2,16176.15,16258.8,427337644,324347800000.0
2021-08-05,16288.95,16349.45,16210.3,16294.6,418174517,313867800000.0
2021-08-06,16304.4,16336.75,16223.3,16238.2,320087281,247161699999.99997
2021-08-09,16281.35,16320.75,16179.05,16258.25,240452917,183020300000.0
2021-08-10,16274.8,16359.25,16202.25,16280.1,287989486,226003800000.0
2021-08-11,16327.3,16338.75,16162.55,16282.25,277895886,203065900000.0
2021-08-12,16303.65,16375.5,16286.9,16364.4,280181324,185488700000.0
2021-08-13,16385.7,16543.6,16376.3,16529.1,321866286,271630800000.00003
2021-08-16,16518.4,16589.4,16480.75,16563.05,254049330,214562000000.0
2021-08-17,16545.25,16628.55,16495.4,16614.6,297388470,256964400000.0
2021-08-18,16691.95,16701.85,16535.85,16568.85,251796822,227215400000.0
2021-08-20,16382.5,16509.55,16376.05,16450.5,350819323,301182300000.0
2021-08-23,16592.25,16592.5,16395.7,16496.45,275597782,243557700000.0
2021-08-24,16561.4,16647.1,16495.3,16624.6,275362819,249923200000.0
2021-08-25,16654.0,16712.45,16617.5,16634.65,265920141,222106000000.0
2021-08-26,16627.95,16683.7,16603.4,16636.9,253530997,223202100000.0
2021-08-27,16642.55,16722.05,16565.6,16705.2,217405743,204998500000.0
2021-08-30,16775.85,16951.5,16764.85,16931.05,283483108,236158700000.0
2021-08-31,16947.5,17153.5,16915.85,17132.2,464390247,401478900000.0
2021-09-01,17185.6,17225.75,17055.05,17076.25,301894634,276919300000.0
2021-09-02,17095.4,17245.5,17059.7,17234.15,242377518,226203600000.0
2021-09-03,17262.45,17340.1,17212.2,17323.6,261373795,235791699999.99997
2021-09-06,17399.35,17429.55,17345.55,17377.8,228045532,212706200000.0
2021-09-07,17401.55,17436.5,17287.0,17362.1,243417811,198489400000.0
2021-09-08,17375.75,17383.4,17254.2,17353.5,252652423,226963500000.0
2021-09-09,17312.85,17379.65,17302.7,17369.25,241509352,177197800000.0
2021-09-13,17363.55,17378.35,17269.15,17355.3,241053924,184986300000.0
2021-09-14,17420.35,17438.55,17367.05,17380.0,230354386,187028200000.0
2021-09-15,17387.65,17532.7,17386.9,17519.45,388191629,242568000000.0
2021-09-16,17539.2,17644.6,17510.45,17629.5,503310763,301897700000.0
2021-09-17,17709.65,17792.95,17537.65,17585.15,508285916,433455800000.0
2021-09-20,17443.85,17622.75,17361.8,17396.9,339102046,253042700000.0
2021-09-21,17450.5,17578.35,17326.1,17562.0,363578479,265209900000.00003
2021-09-22,17580.9,17610.45,17524.0,17546.65,295191136,217722300000.0
2021-09-23,17670.85,17843.9,17646.55,17822.95,320514486,250053600000.0
2021-09-24,17897.45,17947.65,17819.4,17853.2,360130853,307875900000.0
2021-09-27,17932.2,17943.5,17802.9,17855.1,295714657,242449800000.0
2021-09-28,17906.45,17912.85,17576.1,17748.6,397997281,270553600000.0
2021-09-29,17657.95,17781.75,17608.15,17711.3,562237732,306212800000.0
2021-09-30,17718.9,17742.15,17585.35,17618.15,378592721,271671900000.0
2021-10-01,17531.9,17557.15,17452.9,17532.05,305763919,209116100000.0
2021-10-04,17615.55,17750.9,17581.35,17691.25,295761839,213435099999.99997
2021-10-05,17661.35,17833.45,17640.9,17822.3,427000191,230668000000.0
2021-10-06,17861.5,17884.6,17613.15,17646.0,395833550,245043000000.0
2021-10-07,17810.55,17857.55,17763.8,17790.35,419890959,273719800000.0
2021-10-08,17886.85,17941.85,17840.35,17895.2,324066351,227786800000.0
2021-10-11,17867.55,18041.95,17839.1,17945.95,375756457,290002000000.0
2021-10-12,17915.8,18008.65,17864.95,17991.95,355568313,264914199999.99997
2021-10-13,18097.85,18197.8,18050.75,18161.75,506679748,345030000000.0
2021-10-14,18272.85,18350.75,18248.7,18338.55,538714440,389031600000.00006
2021-10-18,18500.1,18543.15,18445.3,18477.05,469883515,368008399999.99994
2021-10-19,18602.35,18604.45,18377.7,18418.75,368230309,305058600000.0
2021-10-20,18439.9,18458.3,18209.35,18266.6,371276478,289684200000.0
2021-10-21,18382.7,18384.2,18048.0,18178.1,365902008,308397900000.0
2021-10-22,18230.7,18314.25,18034.35,18114.9,324748084,269388800000.0
2021-10-25,18229.5,18241.4,17968.5,18125.4,418703647,345723399999.99994
2021-10-26,18154.5,18310.45,18099.3,18268.4,341377869,297646100000.0
2021-10-27,18295.85,18342.05,18167.9,18210.95,335248487,308237500000.0
2021-10-28,18187.65,18190.7,17799.45,17857.25,374205784,302223400000.0
2021-10-29,17833.05,17915.85,17613.1,17671.65,336466864,281360000000.0
2021-11-01,17783.15,17954.1,17697.1,17929.65,281190130,243543800000.0
2021-11-02,17970.9,18012.25,17847.6,17888.95,296441997,233715099999.99997
2021-11-03,17947.95,17988.75,17757.95,17829.2,330995982,261868500000.0
2021-11-04,17935.05,17947.55,17900.6,17916.8,48520856,36370600000.0
2021-11-08,18040.2,18087.8,17836.1,18068.55,338919483,309082300000.0
2021-11-09,18084.35,18112.6,17983.05,18044.25,270197527,236860900000.0
2021-11-10,17973.45,18061.25,17915.0,18017.2,261446523,222811100000.0
2021-11-11,17967.45,17971.35,17798.2,17873.6,232121151,200747800000.0
2021-11-12,17977.6,18123.0,17905.9,18102.75,249111898,221643300000.00003
2021-11-15,18140.95,18210.15,18071.3,18109.45,280428633,190996000000.0
2021-11-16,18127.05,18132.65,17958.8,17999.2,267431829,241016699999.99997
2021-11-17,17939.35,18022.65,17879.25,17898.65,295715938,229508400000.0
2021-11-18,17890.55,17945.6,17688.5,17764.8,278425148,226253600000.0
2021-11-22,17796.25,17805.25,17280.45,17416.55,356400425,295705700000.0
2021-11-23,17281.75,17553.7,17216.1,17503.35,308843255,262404100000.0
2021-11-24,17550.05,17600.6,17354.0,17415.05,298052158,237669300000.0
2021-11-25,17417.3,17564.35,17351.7,17536.25,255947032,219533300000.00003
2021-11-26,17338.75,17355.4,16985.7,17026.45,356330009,284855300000.0
2021-11-29,17055.8,17160.7,16782.4,17053.95,348888750,274282000000.0
2021-11-30,17051.15,17324.65,16931.4,16983.2,497999836,414949000000.0
2021-12-01,17104.4,17213.05,17064.25,17166.9,295542125,240987300000.0
2021-12-02,17183.2,17420.35,17149.3,17401.65,279867500,224736400000.0
2021-12-03,17424.9,17489.8,17180.8,17196.7,292526485,231005700000.0
2021-12-06,17209.05,17216.75,16891.7,16912.25,231716681,179121500000.0
2021-12-07,17044.1,17251.65,16987.75,17176.7,254144221,216936900000.0
2021-12-08,17315.25,17484.6,17308.95,17469.75,257791948,216659500000.0
2021-12-09,17524.4,17543.25,17379.6,17516.85,237170272,189847500000.0
2021-12-10,17476.05,17534.35,17405.25,17511.3,204467484,163995300000.0
2021-12-13,17619.1,17639.5,17355.95,17368.25,256560534,205920300000.0
2021-12-14,17283.2,17376.2,17225.8,17324.9,270965586,204597900000.0
2021-12-15,17323.65,17351.2,17192.2,17221.4,214972109,170464199999.99997
2021-12-16,17373.0,17379.35,17184.95,17248.4,219496063,184935400000.0
2021-12-17,17276.0,17298.15,16966.45,16985.2,354591366,313269100000.0
2021-12-20,16824.25,16840.1,16410.2,16614.2,330614079,251235900000.0
2021-12-21,16773.15,16936.4,16688.25,16770.85,241030834,197830400000.0
2021-12-22,16865.55,16971.0,16819.5,16955.45,207946105,174439400000.0
2021-12-23,17066.8,17118.65,17015.55,17072.6,196965302,157558900000.0
2021-12-24,17149.5,17155.6,16909.6,17003.75,182564833,154350100000.0
2021-12-27,16937.75,17112.05,16833.2,17086.25,144777457,125670300000.0
2021-12-28,17177.6,17250.25,17161.15,17233.25,176026100,145537600000.0
2021-12-29,17220.1,17285.95,17176.65,17213.6,161679423,143207900000.0
2021-12-30,17201.45,17264.05,17146.35,17203.95,320831676,219291900000.0
2021-12-31,17244.5,17400.8,17238.5,17354.05,167025720,145885400000.0
2022-01-03,17387.15,17646.65,17383.3,17625.7,200456430,161813600000.0
2022-01-04,17681.4,17827.6,17593.55,17805.25,247437472,186041600000.0
2022-01-05,17820.1,17944.7,17748.85,17925.25,251460038,237373100000.0
2022-01-06,17768.5,17797.95,17655.55,17745.9,236454824,226438200000.0
2022-01-07,17797.6,17905.0,17704.55,17812.7,239338015,214478900000.0
2022-01-10,17913.3,18017.45,17879.15,18003.3,232418075,208536400000.0
2022-01-11,17997.75,18081.25,17964.4,18055.75,220238796,207814600000.0
2022-01-12,18170.4,18227.95,18128.8,18212.35,244974287,222986900000.0
2022-01-13,18257.0,18272.25,18163.8,18257.8,303700545,286709300000.0
2022-01-14,18185.0,18286.95,18119.65,18255.75,229451608,210245099999.99997
2022-01-17,18235.65,18321.55,18228.75,18308.1,266702919,238593800000.0
2022-01-18,18337.2,18350.95,18085.9,18113.05,227507319,208526699999.99997
2022-01-19,18129.2,18129.2,17884.9,17938.4,276662654,253101900000.0
2022-01-20,17921.0,17943.7,17648.45,17757.0,258094246,258632900000.0
2022-01-21,17613.7,17707.6,17485.85,17617.15,277645373,259416400000.0
2022-01-24,17575.15,17599.4,16997.85,17149.1,323847388,283877300000.0
2022-01-25,17001.55,17309.15,16836.8,17277.95,326515896,313444600000.0
2022-01-27,17062.0,17182.5,16866.75,17110.15,395596577,362966400000.0
2022-01-28,17208.3,17373.5,17077.1,17101.95,355284285,297998900000.0
2022-01-31,17301.05,17410.0,17264.15,17339.85,321660346,254741300000.0
2022-02-01,17529.45,17622.4,17244.55,17576.85,386391485,300336600000.0
2022-02-02,17706.2,17794.6,17674.8,17780.0,271205907,236115900000.0
2022-02-03,17767.75,17781.15,17511.15,17560.2,226614989,203730600000.0
2022-02-04,17590.2,17617.8,17462.55,17516.3,261434170,206518500000.0
2022-02-07,17456.3,17536.75,17119.4,17213.6,265037933,219251100000.0
2022-02-08,17279.85,17306.45,17043.65,17266.75,268526210,238461600000.0
2022-02-09,17370.1,17477.15,17339.0,17463.8,236350514,193276699999.99997
2022-02-10,17554.1,17639.45,17427.15,17605.85,273606440,222109300000.0
2022-02-11,17451.0,17454.75,17303.0,17374.75,253141660,232308200000.0
2022-02-14,17076.15,17099.5,16809.65,16842.8,305510740,249761600000.0
2022-02-15,16933.25,17375.0,16839.25,17352.45,298658142,247656699999.99997
2022-02-16,17408.45,17490.6,17257.7,17322.2,244549223,211283800000.0
2022-02-17,17396.55,17442.9,17235.85,17304.6,232136131,193812599999.99997
2022-02-18,17236.05,17380.8,17219.2,17276.3,189620888,161269600000.0
2022-02-21,17192.25,17351.05,17070.7,17206.65,215183301,187255700000.0
2022-02-22,16847.95,17148.55,16843.8,17092.2,300131995,240408400000.0
2022-02-23,17194.5,17220.7,17027.85,17063.25,200229631,176624700000.0
2022-02-24,16548.9,16705.25,16203.25,16247.95,457967874,366508300000.0
2022-02-25,16515.65,16748.8,16478.3,16658.4,329780732,257437700000.0
2022-02-28,16481.6,16815.9,16356.3,16793.9,404214666,338315700000.0
2022-03-02,16593.1,16678.5,16478.65,16605.95,517723542,394074400000.0
2022-03-03,16723.2,16768.95,16442.95,16498.05,442068263,314130000000.0
2022-03-04,16339.45,16456.0,16133.8,16245.35,456143040,348211000000.0
2022-03-07,15867.95,15944.6,15711.45,15863.15,585403660,380387500000.0
2022-03-08,15747.75,16028.75,15671.45,16013.45,543600673,387044000000.0
2022-03-09,16078.0,16418.05,15990.0,16345.35,462231428,353293399999.99994
2022-03-10,16757.1,16757.3,16447.9,16594.9,486445481,355137300000.00006
2022-03-11,16528.8,16694.4,16470.9,16630.45,343717045,247203400000.0
2022-03-14,16633.7,16887.95,16606.5,16871.3,314669685,238240200000.0
2022-03-15,16900.65,16927.75,16555.0,16663.0,381631902,297310900000.0
2022-03-16,16876.65,16987.9,16837.85,16975.35,259973396,213613200000.0
2022-03-17,17202.9,17344.6,17175.75,17287.05,448335248,353672800000.0
2022-03-21,17329.5,17353.35,17096.4,17117.6,285451208,228863900000.0
2022-03-22,17120.4,17334.4,17006.3,17315.5,338263468,273476000000.0
2022-03-23,17405.05,17442.4,17199.6,17245.65,292120348,247052800000.0
2022-03-24,17094.95,17291.75,17091.15,17222.75,290280124,250117200000.0
2022-03-25,17289.0,17294.9,17076.55,17153.0,237115741,200313900000.0
2022-03-28,17181.85,17235.1,17003.9,17222.0,253240837,199762599999.99997
2022-03-29,17297.2,17343.65,17235.7,17325.3,235149625,203057800000.0
2022-03-30,17468.15,17522.5,17387.2,17498.25,505031841,289074700000.0
2022-03-31,17519.2,17559.8,17435.2,17464.75,281111679,240320700000.0
2022-04-01,17436.9,17703.7,17422.7,17670.45,291773447,211321300000.0
2022-04-04,17809.1,18114.65,17791.4,18053.4,345526502,386239400000.0
2022-04-05,18080.6,18095.45,17921.55,17957.4,283453612,250967000000.0
2022-04-06,17842.75,17901.0,17779.85,17807.65,328824420,242524800000.0
2022-04-07,17723.3,17787.5,17623.7,17639.55,308840215,262369100000.0
2022-04-08,17698.15,17842.75,17600.55,17784.35,274447433,256081000000.0
2022-04-11,17740.9,17779.05,17650.95,17674.95,251701846,210015800000.00003
2022-04-12,17584.85,17595.3,17442.35,17530.3,266029060,239587700000.0
2022-04-13,17599.9,17663.65,17457.4,17475.65,245061941,202298300000.00003
2022-04-18,17183.45,17237.75,17067.85,17173.65,376130248,301546200000.0
2022-04-19,17258.95,17275.65,16824.7,16958.65,401399563,354671300000.0
2022-04-20,17045.25,17186.9,16978.95,17136.55,286069736,259721500000.0
2022-04-21,17234.6,17414.7,17215.5,17392.6,285200022,249999000000.0
2022-04-22,17242.75,17315.3,17149.2,17171.95,262739740,233717000000.0
2022-04-25,17009.05,17054.3,16888.7,16953.95,275685925,226996500000.0
2022-04-26,17121.3,17223.85,17064.45,17200.8,261065753,220799199999.99997
2022-04-27,17073.35,17110.7,16958.45,17038.4,265140480,253738000000.0
2022-04-28,17189.5,17322.5,17071.05,17245.05,312914417,284888700000.0
2022-04-29,17329.25,17377.65,17053.25,17102.55,336243642,295828600000.0
2022-05-02,16924.45,17092.25,16917.25,17069.1,278155513,212226400000.0
2022-05-04,17096.6,17132.85,16623.95,16677.6,310632799,274055200000.0
2022-05-05,16854.75,16945.7,16651.85,16682.65,265793403,217929100000.0
2022-05-06,16415.55,16484.2,16340.9,16411.25,300527719,254729500000.0
2022-05-09,16227.7,16403.7,16142.1,16301.85,288402950,232747400000.00003
2022-05-10,16248.9,16404.55,16197.3,16240.05,283061200,226852700000.0
2022-05-11,16270.05,16318.75,15992.6,16167.1,284294438,229943800000.0
2022-05-12,16021.1,16041.95,15735.75,15808.0,314921678,253523400000.0
2022-05-13,15977.0,16083.6,15740.85,15782.15,369135540,274541200000.0
2022-05-16,15845.1,15977.95,15739.65,15842.3,217646558,178521900000.0
2022-05-17,15912.6,16284.25,15900.8,16259.3,295687774,227829900000.00003
2022-05-18,16318.15,16399.8,16211.2,16240.3,290441105,238898400000.0
2022-05-19,15917.4,15984.75,15775.2,15809.4,313876082,243408400000.0
2022-05-20,16043.8,16283.05,16003.85,16266.15,252402013,228066900000.0
2022-05-23,16290.95,16414.7,16185.75,16214.7,293829853,251108500000.0
2022-05-24,16225.55,16262.8,16078.6,16125.15,249778296,218957500000.0
2022-05-25,16196.35,16223.35,16006.95,16025.8,243342347,214001400000.0
2022-05-26,16105.0,16204.45,15903.7,16170.15,314305739,277212100000.0
2022-05-27,16296.6,16370.6,16221.95,16352.45,274064956,213419800000.0
2022-05-30,16527.9,16695.5,16506.15,16661.4,251400757,212165000000.0
2022-05-31,16578.45,16690.75,16521.9,16584.55,651613610,529293500000.0
2022-06-01,16594.4,16649.2,16438.85,16522.75,249619038,193503300000.00003
2022-06-02,16481.65,16646.4,16443.05,16628.0,235958283,200558400000.0
2022-06-03,16761.65,16793.85,16567.9,16584.3,245514871,222492900000.0
2022-06-06,16530.7,16610.95,16444.55,16569.55,233589132,179994100000.0
2022-06-07,16469.6,16487.25,16347.1,16416.35,233814633,179219500000.0
2022-06-08,16474.95,16514.3,16293.35,16356.25,243481044,183361500000.0
2022-06-09,16263.85,16492.8,16243.85,16478.1,204954394,167216800000.0
2022-06-10,16283.95,16324.7,16172.6,16201.8,189680523,183880300000.0
2022-06-13,15877.55,15886.15,15684.0,15774.4,225534385,200026400000.0
2022-06-14,15674.25,15858.0,15659.45,15732.1,225425862,198254100000.0
2022-06-15,15729.25,15783.65,15678.9,15692.15,183011236,160632400000.0
2022-06-16,15832.25,15863.15,15335.1,15360.6,264735957,213830600000.0
2022-06-17,15272.65,15400.4,15183.4,15293.5,342629997,290740000000.0
2022-06-20,15334.5,15382.5,15191.1,15350.15,260022438,185317800000.0
2022-06-21,15455.95,15707.25,15419.85,15638.8,262794687,189342700000.0
2022-06-22,15545.65,15565.4,15385.95,15413.3,220889589,168170700000.0
2022-06-23,15451.55,15628.45,15367.5,15556.65,259171810,217220600000.0
2022-06-24,15657.4,15749.25,15619.45,15699.25,219599372,182597200000.0
2022-06-27,15926.2,15927.45,15815.5,15832.05,210932505,177704199999.99997
2022-06-28,15757.45,15892.1,15710.15,15850.2,251865155,184197500000.0
2022-06-29,15701.7,15861.6,15687.8,15799.1,444949551,225285700000.0
2022-06-30,15774.5,15890.0,15728.85,15780.25,306027777,239706500000.0
2022-07-01,15703.7,15793.95,15511.05,15752.05,364090131,258919400000.0
2022-07-04,15710.5,15852.35,15661.8,15835.35,304328467,198752200000.0
2022-07-05,15909.15,16025.75,15785.45,15810.85,254164463,191296000000.0
2022-07-06,15818.2,16011.35,15800.9,15989.8,288375300,228367700000.0
2022-07-07,16113.75,16150.5,16045.95,16132.9,264615218,214653300000.00003
2022-07-08,16273.65,16275.5,16157.9,16220.6,281102369,209906900000.0
2022-07-11,16136.15,16248.55,16115.5,16216.0,255915072,202406900000.0
2022-07-12,16126.2,16158.75,16031.15,16058.3,208648707,160425200000.0
2022-07-13,16128.2,16140.0,15950.15,15966.65,233264100,196496600000.0
2022-07-14,16018.85,16070.85,15858.2,15938.65,228603433,188588300000.00003
2022-07-15,16010.8,16066.95,15927.3,16049.2,205768079,170314300000.0
2022-07-18,16151.4,16287.95,16142.2,16278.5,227744850,194209300000.0
2022-07-19,16187.05,16359.5,16187.05,16340.55,222630928,180685900000.0
2022-07-20,16562.8,16588.0,16490.95,16520.85,284359582,220618100000.0
2022-07-21,16523.55,16626.95,16483.9,16605.25,243625339,206031699999.99997
2022-07-22,16661.25,16752.25,16610.9,16719.45,190906776,186001100000.0
2022-07-25,16662.55,16706.05,16564.25,16631.0,211392171,193844300000.0
2022-07-26,16632.9,16636.1,16463.3,16483.85,208208122,200875400000.0
2022-07-27,16475.35,16653.45,16438.75,16641.8,185210970,176080300000.0
2022-07-28,16774.85,16947.65,16746.25,16929.6,376256315,266742800000.0
2022-07-29,17079.5,17172.8,17018.15,17158.25,436059722,282412900000.0
2022-08-01,17243.2,17356.25,17154.8,17340.05,381532671,232210400000.0
2022-08-02,17310.15,17390.15,17215.85,17345.45,333639093,225769400000.0
2022-08-03,17349.25,17407.5,17225.85,17388.15,285414666,208421300000.0
2022-08-04,17463.1,17490.7,17161.25,17382.0,324981426,218482100000.0
2022-08-05,17423.65,17474.4,17348.75,17397.5,355310802,200131400000.0
2022-08-08,17401.5,17548.8,17359.75,17525.1,256994113,184752100000.0
2022-08-10,17566.1,17566.1,17442.8,17534.75,312716544,219523500000.0
2022-08-11,17711.65,17719.3,17631.95,17659.0,311247237,204765300000.0
2022-08-12,17659.65,17724.65,17597.85,17698.15,303872483,184224700000.0
2022-08-16,17797.2,17839.1,17764.05,17825.25,278042725,184952700000.0
2022-08-17,17868.15,17965.95,17833.35,17944.25,262768582,212095400000.0
2022-08-18,17898.65,17968.45,17852.05,17956.5,263914197,184416800000.0
2022-08-19,17966.55,17992.2,17710.75,17758.45,295627263,215319900000.00003
2022-08-22,17682.9,17690.05,17467.35,17490.7,287559133,196054400000.0
2022-08-23,17357.35,17625.55,17345.2,17577.5,285616338,203658000000.0
2022-08-24,17525.45,17623.65,17499.25,17604.95,261953239,178198800000.0
2022-08-25,17679.0,17726.5,17487.45,17522.45,230181848,175667000000.0
2022-08-26,17619.3,17685.85,17519.35,17558.9,266636238,175008000000.0
2022-08-29,17188.65,17380.15,17166.2,17312.9,244854637,193515000000.0
2022-08-30,17414.95,17777.65,17401.5,17759.3,324687477,262842599999.99997
